"MATERIAL","CHAR","CHARVALUE","ACTIVE"
"30ATCTO1WW","DT_AT_SVC","ITC_AT_ENH","X"
"30ATCTO1WW","DT_AT_SVC","ITC_AT_STD","X"
"30ATCTO1WW","DT_AT_SVC","NONE","X"
"30ATCTO1WW","DT_CI_ENHA_SVC2","CI_ENHA_ADS","X"
"30ATCTO1WW","DT_CI_ENHA_SVC2","CI_ENHA_FBS","X"
"30ATCTO1WW","DT_CI_ENHA_SVC2","CI_ENHA_IU","X"
"30ATCTO1WW","DT_CI_ENHA_SVC2","CI_ENHA_MDT","X"
"30ATCTO1WW","DT_CI_ENHA_SVC2","NONE","X"
"30ATCTO1WW","DT_CI_SMART_SVC2","CI_SMART_YES","X"
"30ATCTO1WW","DT_CI_SMART_SVC2","NONE","X"
"30ATCTO1WW","DT_CI_SVC2_PN1","CI_SVC_06P7506","X"
"30ATCTO1WW","DT_CI_SVC2_PN1","NONE","X"
"30ATCTO1WW","DT_CI_SVC2_PN2","CI_SVC_45K2145","X"
"30ATCTO1WW","DT_CI_SVC2_PN2","NONE","X"
"30ATCTO1WW","DT_CI_SVC2_PN3","CI_SVC_31P4336","X"
"30ATCTO1WW","DT_CI_SVC2_PN3","NONE","X"
"30ATCTO1WW","DT_CI_SVC2_PN4","CI_SVC_06P7512","X"
"30ATCTO1WW","DT_CI_SVC2_PN4","NONE","X"
"30ATCTO1WW","DT_CI_SVC2_PN5","CI_SVC_06P7508","X"
"30ATCTO1WW","DT_CI_SVC2_PN5","NONE","X"
"30ATCTO1WW","DT_CI_SVC2_PN6","CI_SVC_55Y9633","X"
"30ATCTO1WW","DT_CI_SVC2_PN6","NONE","X"
"30ATCTO1WW","DT_CI_TYPE_SVC2","CI_TYPE_BASEP","X"
"30ATCTO1WW","DT_CI_TYPE_SVC2","CI_TYPE_IMAGE","X"
"30ATCTO1WW","DT_CI_TYPE_SVC2","CI_TYPE_MFGPR","X"
"30ATCTO1WW","DT_CI_TYPE_SVC2","CI_TYPE_MIGRA","X"
"30ATCTO1WW","DT_CI_TYPE_SVC2","CI_TYPE_VERFI","X"
"30ATCTO1WW","DT_CI_TYPE_SVC2","NONE","X"
"30ATCTO1WW","DT_CI_WHO_SVC2","CI_WHO_CUSTOM","X"
"30ATCTO1WW","DT_CI_WHO_SVC2","CI_WHO_LENOVO","X"
"30ATCTO1WW","DT_CI_WHO_SVC2","NONE","X"
"30ATCTO1WW","DT_CP_SVC","ITC_CP_BIOS","X"
"30ATCTO1WW","DT_CP_SVC","NONE","X"
"30ATCTO1WW","DT_HE_SVC","ITC_HE_BEST","X"
"30ATCTO1WW","DT_HE_SVC","ITC_HE_BETTER","X"
"30ATCTO1WW","DT_HE_SVC","ITC_HE_GOOD","X"
"30ATCTO1WW","DT_HE_SVC","NONE","X"
"30ATCTO1WW","DT_ITC_CLOUD_RECOVERY","NONE","X"
"30ATCTO1WW","DT_ITC_CLOUD_RECOVERY","RECOVERY_ONLY_1YEAR","X"
"30ATCTO1WW","DT_ITC_CLOUD_RECOVERY","RECOVERY_ONLY_2YEAR","X"
"30ATCTO1WW","DT_ITC_CLOUD_RECOVERY","RECOVERY_ONLY_3YEAR","X"
"30ATCTO1WW","DT_ITC_CLOUD_RECOVERY","RECOVERY_ONLY_4YEAR","X"
"30ATCTO1WW","DT_ITC_CLOUD_RECOVERY","RECOVERY_ONLY_5YEAR","X"
"30ATCTO1WW","DT_ITC_DIB","ITC_DIB","X"
"30ATCTO1WW","DT_ITC_DIB","NONE","X"
"30ATCTO1WW","DT_ITC_ESSENTIAL_IMAGE","ESSENTIAL_IMAGE_SBB0L47704","X"
"30ATCTO1WW","DT_ITC_ESSENTIAL_IMAGE","NONE","X"
"30ATCTO1WW","DT_ITC_IMAGE_MANAGEMENT","MANAGEMENT_RECOVERY_1YEAR","X"
"30ATCTO1WW","DT_ITC_IMAGE_MANAGEMENT","MANAGEMENT_RECOVERY_2YEAR","X"
"30ATCTO1WW","DT_ITC_IMAGE_MANAGEMENT","MANAGEMENT_RECOVERY_3YEAR","X"
"30ATCTO1WW","DT_ITC_IMAGE_MANAGEMENT","MANAGEMENT_RECOVERY_4YEAR","X"
"30ATCTO1WW","DT_ITC_IMAGE_MANAGEMENT","MANAGEMENT_RECOVERY_5YEAR","X"
"30ATCTO1WW","DT_ITC_IMAGE_MANAGEMENT","NONE","X"
"30ATCTO1WW","DT_ITC_ORAT","ITC_ORAT","X"
"30ATCTO1WW","DT_ITC_ORAT","NONE","X"
"30ATCTO1WW","DT_VP_SVC","ITC_VP_VPRO","X"
"30ATCTO1WW","DT_VP_SVC","NONE","X"
"30ATCTO1WW","EP1ST_GRAPHIC_CARD_DP_DONGLE","2X_DP TO 2XDP DONGLE","X"
"30ATCTO1WW","EP1ST_GRAPHIC_CARD_DP_DONGLE","2XDISPLAY PORT TO HDMI DONGLE","X"
"30ATCTO1WW","EP1ST_GRAPHIC_CARD_DP_DONGLE","2XDISPLAYPORT TO DVI DONGLE","X"
"30ATCTO1WW","EP1ST_GRAPHIC_CARD_DP_DONGLE","2XDP TO DVI 2LINK DONGLE","X"
"30ATCTO1WW","EP1ST_GRAPHIC_CARD_DP_DONGLE","2XDP TO VGA DONGLE","X"
"30ATCTO1WW","EP1ST_GRAPHIC_CARD_DP_DONGLE","3X_DP TO 2XDP DONGLE","X"
"30ATCTO1WW","EP1ST_GRAPHIC_CARD_DP_DONGLE","3XDISPLAY PORT TO HDMI DONGLE","X"
"30ATCTO1WW","EP1ST_GRAPHIC_CARD_DP_DONGLE","3XDISPLAYPORT TO DVI DONGLE","X"
"30ATCTO1WW","EP1ST_GRAPHIC_CARD_DP_DONGLE","3XDP TO DVI 2LINK DONGLE","X"
"30ATCTO1WW","EP1ST_GRAPHIC_CARD_DP_DONGLE","3XDP TO VGA DONGLE","X"
"30ATCTO1WW","EP1ST_GRAPHIC_CARD_DP_DONGLE","4X_DP TO 2XDP DONGLE","X"
"30ATCTO1WW","EP1ST_GRAPHIC_CARD_DP_DONGLE","4XDISPLAY PORT TO HDMI DONGLE","X"
"30ATCTO1WW","EP1ST_GRAPHIC_CARD_DP_DONGLE","4XDISPLAYPORT TO DVI DONGLE","X"
"30ATCTO1WW","EP1ST_GRAPHIC_CARD_DP_DONGLE","4XDP TO DVI 2LINK DONGLE","X"
"30ATCTO1WW","EP1ST_GRAPHIC_CARD_DP_DONGLE","4XDP TO VGA DONGLE","X"
"30ATCTO1WW","EP1ST_GRAPHIC_CARD_DP_DONGLE","DISPLAY PORT TO HDMI DONGLE","X"
"30ATCTO1WW","EP1ST_GRAPHIC_CARD_DP_DONGLE","DISPLAYPORT TO DVI DONGLE","X"
"30ATCTO1WW","EP1ST_GRAPHIC_CARD_DP_DONGLE","DP TO 2XDP DONGLE","X"
"30ATCTO1WW","EP1ST_GRAPHIC_CARD_DP_DONGLE","DP TO DVI 2LINK DONGLE","X"
"30ATCTO1WW","EP1ST_GRAPHIC_CARD_DP_DONGLE","DP TO VGA DONGLE","X"
"30ATCTO1WW","EP1ST_GRAPHIC_CARD_DP_DONGLE","NO GRAPHICS DONGLE SELECTED","X"
"30ATCTO1WW","EP1ST_GRAPHIC_CARD_DVI_DONGLE","DVI TO VGA DONGLE","X"
"30ATCTO1WW","EP1ST_GRAPHIC_CARD_DVI_DONGLE","NO GRAPHICS DONGLE SELECTED","X"
"30ATCTO1WW","EP1ST_GRAPHIC_CARD_MDP_DONGLE","2XMINI DP TO DP DONGLE","X"
"30ATCTO1WW","EP1ST_GRAPHIC_CARD_MDP_DONGLE","2XMINI DP TO HDMI CONVERTER","X"
"30ATCTO1WW","EP1ST_GRAPHIC_CARD_MDP_DONGLE","2XMINIDP TO DVI SL CONVERTER","X"
"30ATCTO1WW","EP1ST_GRAPHIC_CARD_MDP_DONGLE","3XMINI DP TO DP DONGLE","X"
"30ATCTO1WW","EP1ST_GRAPHIC_CARD_MDP_DONGLE","3XMINI DP TO HDMI CONVERTER","X"
"30ATCTO1WW","EP1ST_GRAPHIC_CARD_MDP_DONGLE","3XMINIDP TO DVI SL CONVERTER","X"
"30ATCTO1WW","EP1ST_GRAPHIC_CARD_MDP_DONGLE","4XMINI DP TO DP DONGLE","X"
"30ATCTO1WW","EP1ST_GRAPHIC_CARD_MDP_DONGLE","4XMINI DP TO HDMI CONVERTER","X"
"30ATCTO1WW","EP1ST_GRAPHIC_CARD_MDP_DONGLE","4XMINIDP TO DVI SL CONVERTER","X"
"30ATCTO1WW","EP1ST_GRAPHIC_CARD_MDP_DONGLE","5XMINI DP TO DP DONGLE","X"
"30ATCTO1WW","EP1ST_GRAPHIC_CARD_MDP_DONGLE","6XMINI DP TO DP DONGLE","X"
"30ATCTO1WW","EP1ST_GRAPHIC_CARD_MDP_DONGLE","7XMINI DP TO DP DONGLE","X"
"30ATCTO1WW","EP1ST_GRAPHIC_CARD_MDP_DONGLE","8XMINI DP TO DP DONGLE","X"
"30ATCTO1WW","EP1ST_GRAPHIC_CARD_MDP_DONGLE","MINI DP TO DP DONGLE","X"
"30ATCTO1WW","EP1ST_GRAPHIC_CARD_MDP_DONGLE","MINI DP TO DVI SL CONVERTER","X"
"30ATCTO1WW","EP1ST_GRAPHIC_CARD_MDP_DONGLE","MINI DP TO HDMI CONVERTER","X"
"30ATCTO1WW","EP1ST_GRAPHIC_CARD_MDP_DONGLE","NO GRAPHICS DONGLE SELECTED","X"
"30ATCTO1WW","EP1ST_HDD_BOOT_DRIVE","NO","X"
"30ATCTO1WW","EP1ST_HDD_BOOT_DRIVE","YES","X"
"30ATCTO1WW","EP1ST_HDD_SELECTION","1TB HYBRID HDD SATA 3.5","X"
"30ATCTO1WW","EP1ST_HDD_SELECTION","2.5_128GB SATA SSD","X"
"30ATCTO1WW","EP1ST_HDD_SELECTION","2.5_180GB SATA SSD OPAL",""
"30ATCTO1WW","EP1ST_HDD_SELECTION","2.5_1TB SATA SSD NON_OPAL","X"
"30ATCTO1WW","EP1ST_HDD_SELECTION","2.5_240GB SATA SSD OPAL","X"
"30ATCTO1WW","EP1ST_HDD_SELECTION","2.5_256GB SATA SSD NON_OPAL","X"
"30ATCTO1WW","EP1ST_HDD_SELECTION","2.5_256GB SATA SSD OPAL","X"
"30ATCTO1WW","EP1ST_HDD_SELECTION","2.5_480GB SATA SSD OPAL","X"
"30ATCTO1WW","EP1ST_HDD_SELECTION","2.5_512GB SATA SSD","X"
"30ATCTO1WW","EP1ST_HDD_SELECTION","2.5_512GB_SATA_SSD_OPAL","X"
"30ATCTO1WW","EP1ST_HDD_SELECTION","2TB HYBRID HDD SATA 3.5","X"
"30ATCTO1WW","EP1ST_HDD_SELECTION","3.5_1TB SATA HDD 7200RPM","X"
"30ATCTO1WW","EP1ST_HDD_SELECTION","3.5_2TB SATA HDD 7200RPM","X"
"30ATCTO1WW","EP1ST_HDD_SELECTION","3.5_3TB SATA HDD 7200RPM","X"
"30ATCTO1WW","EP1ST_HDD_SELECTION","3.5_4TB SATA HDD 7200RPM","X"
"30ATCTO1WW","EP1ST_HDD_SELECTION","3.5_500GB SATA HDD 7200RPM","X"
"30ATCTO1WW","EP1ST_HDD_SELECTION","3.5_6TB_SATA_HDD_7200_RPM","X"
"30ATCTO1WW","EP1ST_HDD_SELECTION","NO_1ST HDD SELECTED","X"
"30ATCTO1WW","EP1ST_M2_SSD_BOOT_DRIVE","NO","X"
"30ATCTO1WW","EP1ST_M2_SSD_BOOT_DRIVE","YES","X"
"30ATCTO1WW","EP1ST_M2_SSD_SELECTION","M.2 256GB PCIE GEN3 OPAL NVME","X"
"30ATCTO1WW","EP1ST_M2_SSD_SELECTION","M.2 512GB PCIE GEN3 NVME","X"
"30ATCTO1WW","EP1ST_M2_SSD_SELECTION","M.2_1TB_PCIE_GEN_3_OPAL_NVME","X"
"30ATCTO1WW","EP1ST_M2_SSD_SELECTION","NO_1ST M.2 SSD SELECTED","X"
"30ATCTO1WW","EP1ST_RAID_ARRAY","NO_1ST RAID SELECTED","X"
"30ATCTO1WW","EP1ST_RAID_ARRAY","RAID 0","X"
"30ATCTO1WW","EP1ST_RAID_ARRAY","RAID 1_2 HDDS MIN","X"
"30ATCTO1WW","EP1ST_RAID_ARRAY","RAID 10_4 HDDS MIN","X"
"30ATCTO1WW","EP1ST_RAID_ARRAY","RAID 5_3 HDDS MIN","X"
"30ATCTO1WW","EP2ND_GRAPHIC_CARD_DP_DONGLE","2X_DP TO 2XDP DONGLE","X"
"30ATCTO1WW","EP2ND_GRAPHIC_CARD_DP_DONGLE","2XDISPLAY PORT TO HDMI DONGLE","X"
"30ATCTO1WW","EP2ND_GRAPHIC_CARD_DP_DONGLE","2XDISPLAYPORT TO DVI DONGLE","X"
"30ATCTO1WW","EP2ND_GRAPHIC_CARD_DP_DONGLE","2XDP TO DVI 2LINK DONGLE","X"
"30ATCTO1WW","EP2ND_GRAPHIC_CARD_DP_DONGLE","2XDP TO VGA DONGLE","X"
"30ATCTO1WW","EP2ND_GRAPHIC_CARD_DP_DONGLE","3X_DP TO 2XDP DONGLE","X"
"30ATCTO1WW","EP2ND_GRAPHIC_CARD_DP_DONGLE","3XDISPLAY PORT TO HDMI DONGLE","X"
"30ATCTO1WW","EP2ND_GRAPHIC_CARD_DP_DONGLE","3XDISPLAYPORT TO DVI DONGLE","X"
"30ATCTO1WW","EP2ND_GRAPHIC_CARD_DP_DONGLE","3XDP TO DVI 2LINK DONGLE","X"
"30ATCTO1WW","EP2ND_GRAPHIC_CARD_DP_DONGLE","3XDP TO VGA DONGLE","X"
"30ATCTO1WW","EP2ND_GRAPHIC_CARD_DP_DONGLE","4X_DP TO 2XDP DONGLE","X"
"30ATCTO1WW","EP2ND_GRAPHIC_CARD_DP_DONGLE","4XDISPLAY PORT TO HDMI DONGLE","X"
"30ATCTO1WW","EP2ND_GRAPHIC_CARD_DP_DONGLE","4XDISPLAYPORT TO DVI DONGLE","X"
"30ATCTO1WW","EP2ND_GRAPHIC_CARD_DP_DONGLE","4XDP TO DVI 2LINK DONGLE","X"
"30ATCTO1WW","EP2ND_GRAPHIC_CARD_DP_DONGLE","4XDP TO VGA DONGLE","X"
"30ATCTO1WW","EP2ND_GRAPHIC_CARD_DP_DONGLE","DISPLAY PORT TO HDMI DONGLE","X"
"30ATCTO1WW","EP2ND_GRAPHIC_CARD_DP_DONGLE","DISPLAYPORT TO DVI DONGLE","X"
"30ATCTO1WW","EP2ND_GRAPHIC_CARD_DP_DONGLE","DP TO 2XDP DONGLE","X"
"30ATCTO1WW","EP2ND_GRAPHIC_CARD_DP_DONGLE","DP TO DVI 2LINK DONGLE","X"
"30ATCTO1WW","EP2ND_GRAPHIC_CARD_DP_DONGLE","DP TO VGA DONGLE","X"
"30ATCTO1WW","EP2ND_GRAPHIC_CARD_DP_DONGLE","NO GRAPHICS DONGLE SELECTED","X"
"30ATCTO1WW","EP2ND_GRAPHIC_CARD_DVI_DONGLE","DVI TO VGA DONGLE","X"
"30ATCTO1WW","EP2ND_GRAPHIC_CARD_DVI_DONGLE","NO GRAPHICS DONGLE SELECTED","X"
"30ATCTO1WW","EP2ND_GRAPHIC_CARD_MDP_DONGLE","2XMINI DP TO DP DONGLE","X"
"30ATCTO1WW","EP2ND_GRAPHIC_CARD_MDP_DONGLE","2XMINI DP TO HDMI CONVERTER","X"
"30ATCTO1WW","EP2ND_GRAPHIC_CARD_MDP_DONGLE","2XMINIDP TO DVI SL CONVERTER","X"
"30ATCTO1WW","EP2ND_GRAPHIC_CARD_MDP_DONGLE","3XMINI DP TO DP DONGLE","X"
"30ATCTO1WW","EP2ND_GRAPHIC_CARD_MDP_DONGLE","3XMINI DP TO HDMI CONVERTER","X"
"30ATCTO1WW","EP2ND_GRAPHIC_CARD_MDP_DONGLE","3XMINIDP TO DVI SL CONVERTER","X"
"30ATCTO1WW","EP2ND_GRAPHIC_CARD_MDP_DONGLE","4XMINI DP TO DP DONGLE","X"
"30ATCTO1WW","EP2ND_GRAPHIC_CARD_MDP_DONGLE","4XMINI DP TO HDMI CONVERTER","X"
"30ATCTO1WW","EP2ND_GRAPHIC_CARD_MDP_DONGLE","4XMINIDP TO DVI SL CONVERTER","X"
"30ATCTO1WW","EP2ND_GRAPHIC_CARD_MDP_DONGLE","MINI DP TO DP DONGLE","X"
"30ATCTO1WW","EP2ND_GRAPHIC_CARD_MDP_DONGLE","MINI DP TO DVI SL CONVERTER","X"
"30ATCTO1WW","EP2ND_GRAPHIC_CARD_MDP_DONGLE","MINI DP TO HDMI CONVERTER","X"
"30ATCTO1WW","EP2ND_GRAPHIC_CARD_MDP_DONGLE","NO GRAPHICS DONGLE SELECTED","X"
"30ATCTO1WW","EP2ND_HDD_SELECTION","1TB HYBRID HDD SATA 3.5","X"
"30ATCTO1WW","EP2ND_HDD_SELECTION","2.5_128GB SATA SSD","X"
"30ATCTO1WW","EP2ND_HDD_SELECTION","2.5_180GB SATA SSD OPAL",""
"30ATCTO1WW","EP2ND_HDD_SELECTION","2.5_1TB SATA SSD NON_OPAL","X"
"30ATCTO1WW","EP2ND_HDD_SELECTION","2.5_240GB SATA SSD OPAL","X"
"30ATCTO1WW","EP2ND_HDD_SELECTION","2.5_256GB SATA SSD NON_OPAL","X"
"30ATCTO1WW","EP2ND_HDD_SELECTION","2.5_256GB SATA SSD OPAL","X"
"30ATCTO1WW","EP2ND_HDD_SELECTION","2.5_480GB SATA SSD OPAL","X"
"30ATCTO1WW","EP2ND_HDD_SELECTION","2.5_512GB SATA SSD","X"
"30ATCTO1WW","EP2ND_HDD_SELECTION","2.5_512GB_SATA_SSD_OPAL","X"
"30ATCTO1WW","EP2ND_HDD_SELECTION","2TB HYBRID HDD SATA 3.5","X"
"30ATCTO1WW","EP2ND_HDD_SELECTION","3.5_1TB SATA HDD 7200RPM","X"
"30ATCTO1WW","EP2ND_HDD_SELECTION","3.5_2TB SATA HDD 7200RPM","X"
"30ATCTO1WW","EP2ND_HDD_SELECTION","3.5_3TB SATA HDD 7200RPM","X"
"30ATCTO1WW","EP2ND_HDD_SELECTION","3.5_4TB SATA HDD 7200RPM","X"
"30ATCTO1WW","EP2ND_HDD_SELECTION","3.5_500GB SATA HDD 7200RPM","X"
"30ATCTO1WW","EP2ND_HDD_SELECTION","3.5_6TB_SATA_HDD_7200_RPM","X"
"30ATCTO1WW","EP2ND_HDD_SELECTION","NO_2ND HDD SELECTED","X"
"30ATCTO1WW","EP2ND_RAID_ARRAY","NO_2ND RAID SELECTED","X"
"30ATCTO1WW","EP2ND_RAID_ARRAY","RAID 0","X"
"30ATCTO1WW","EP2ND_RAID_ARRAY","RAID 1_2 HDDS MIN","X"
"30ATCTO1WW","EP2ND_RAID_ARRAY","RAID 10_4 HDDS MIN","X"
"30ATCTO1WW","EP2ND_RAID_ARRAY","RAID 5_3 HDDS MIN","X"
"30ATCTO1WW","EP2ND_ULTRASLIM_ODD","9.5MM BLU_RAY DVD BURNER DOS","X"
"30ATCTO1WW","EP2ND_ULTRASLIM_ODD","9.5MM BLU_RAY DVD BURNER WIN10","X"
"30ATCTO1WW","EP2ND_ULTRASLIM_ODD","9.5MM BLU_RAY DVD BURNER WIN7","X"
"30ATCTO1WW","EP2ND_ULTRASLIM_ODD","9.5MM DVD ROM_DOS","X"
"30ATCTO1WW","EP2ND_ULTRASLIM_ODD","9.5MM DVD ROM_WIN10","X"
"30ATCTO1WW","EP2ND_ULTRASLIM_ODD","9.5MM DVD ROM_WIN7","X"
"30ATCTO1WW","EP2ND_ULTRASLIM_ODD","9.5MM DVDBURNER_CD_RW DOS","X"
"30ATCTO1WW","EP2ND_ULTRASLIM_ODD","9.5MM DVDBURNER_CD_RW W10","X"
"30ATCTO1WW","EP2ND_ULTRASLIM_ODD","9.5MM DVDBURNER_CD_RW W7","X"
"30ATCTO1WW","EP2ND_ULTRASLIM_ODD","NONE","X"
"30ATCTO1WW","EPADOBE_ACROBAT","ADOBE ACROBAT DC PROFESSIONAL","X"
"30ATCTO1WW","EPADOBE_ACROBAT","ADOBE ACROBAT DC STANDRD_EN","X"
"30ATCTO1WW","EPADOBE_ACROBAT","NONE","X"
"30ATCTO1WW","EPADOBESW","ADOBE PHOTOSHOP ELEMENTS 13.0","X"
"30ATCTO1WW","EPADOBESW","ADOBE PS_PREMIERE ELEMENTS13.0","X"
"30ATCTO1WW","EPADOBESW","ADOBE_PHOTOSHOP_ELEMENTS_14.0","X"
"30ATCTO1WW","EPADOBESW","ADOBE_PS_PREMIERE_ELEMENTS14.0","X"
"30ATCTO1WW","EPADOBESW","NO_ADOBE","X"
"30ATCTO1WW","EPAUDIO","INTEGRATED AUDIO","X"
"30ATCTO1WW","EPAUDIO","SOUND BLASTER Z AUDIO CARD","X"
"30ATCTO1WW","EPC2SWITCH","INTRUSION SWITCH","X"
"30ATCTO1WW","EPC2SWITCH","NO_CHASIS INTRUSION SWITCH","X"
"30ATCTO1WW","EPCABLELOCK","CABLE LOCK","X"
"30ATCTO1WW","EPCABLELOCK","NO_CABLE LOCK","X"
"30ATCTO1WW","EPCOUNTRY","AFRICA_FRENCH_PORTUGUESE","X"
"30ATCTO1WW","EPCOUNTRY","AFRICA_UK","X"
"30ATCTO1WW","EPCOUNTRY","ALGERIA","X"
"30ATCTO1WW","EPCOUNTRY","ARGENTINA","X"
"30ATCTO1WW","EPCOUNTRY","AUSTRALIA","X"
"30ATCTO1WW","EPCOUNTRY","AUSTRIA","X"
"30ATCTO1WW","EPCOUNTRY","BANGLADESH","X"
"30ATCTO1WW","EPCOUNTRY","BELGIUM","X"
"30ATCTO1WW","EPCOUNTRY","BOLIVIA","X"
"30ATCTO1WW","EPCOUNTRY","BRAZIL","X"
"30ATCTO1WW","EPCOUNTRY","BRUNEI","X"
"30ATCTO1WW","EPCOUNTRY","BULGARIA","X"
"30ATCTO1WW","EPCOUNTRY","CANADA","X"
"30ATCTO1WW","EPCOUNTRY","CHILE","X"
"30ATCTO1WW","EPCOUNTRY","CHINA","X"
"30ATCTO1WW","EPCOUNTRY","CIS","X"
"30ATCTO1WW","EPCOUNTRY","COLOMBIA","X"
"30ATCTO1WW","EPCOUNTRY","CROATIA","X"
"30ATCTO1WW","EPCOUNTRY","CYPRUS","X"
"30ATCTO1WW","EPCOUNTRY","CZECH_REPUBLIC","X"
"30ATCTO1WW","EPCOUNTRY","DENMARK","X"
"30ATCTO1WW","EPCOUNTRY","ECUADOR","X"
"30ATCTO1WW","EPCOUNTRY","EGYPT","X"
"30ATCTO1WW","EPCOUNTRY","ESTONIA_LATVIA_LITHUANIA","X"
"30ATCTO1WW","EPCOUNTRY","FINLAND","X"
"30ATCTO1WW","EPCOUNTRY","FRANCE","X"
"30ATCTO1WW","EPCOUNTRY","GERMANY","X"
"30ATCTO1WW","EPCOUNTRY","GREECE","X"
"30ATCTO1WW","EPCOUNTRY","HONG_KONG","X"
"30ATCTO1WW","EPCOUNTRY","HUNGARY","X"
"30ATCTO1WW","EPCOUNTRY","ICELAND","X"
"30ATCTO1WW","EPCOUNTRY","INDIA","X"
"30ATCTO1WW","EPCOUNTRY","INDONESIA","X"
"30ATCTO1WW","EPCOUNTRY","IRELAND","X"
"30ATCTO1WW","EPCOUNTRY","ISRAEL","X"
"30ATCTO1WW","EPCOUNTRY","ITALY","X"
"30ATCTO1WW","EPCOUNTRY","JAPAN","X"
"30ATCTO1WW","EPCOUNTRY","KOREA","X"
"30ATCTO1WW","EPCOUNTRY","LEBANON","X"
"30ATCTO1WW","EPCOUNTRY","LUXEMBOURG","X"
"30ATCTO1WW","EPCOUNTRY","MALAYSIA","X"
"30ATCTO1WW","EPCOUNTRY","MEXICO","X"
"30ATCTO1WW","EPCOUNTRY","MIDDLE_EAST","X"
"30ATCTO1WW","EPCOUNTRY","MOROCCO","X"
"30ATCTO1WW","EPCOUNTRY","MOZAMBIQUE","X"
"30ATCTO1WW","EPCOUNTRY","NETHERLANDS","X"
"30ATCTO1WW","EPCOUNTRY","NEW_ZEALAND","X"
"30ATCTO1WW","EPCOUNTRY","NORDICS","X"
"30ATCTO1WW","EPCOUNTRY","NORWAY","X"
"30ATCTO1WW","EPCOUNTRY","PAKISTAN","X"
"30ATCTO1WW","EPCOUNTRY","PARAGUAY","X"
"30ATCTO1WW","EPCOUNTRY","PERU","X"
"30ATCTO1WW","EPCOUNTRY","PHILIPPINES","X"
"30ATCTO1WW","EPCOUNTRY","POLAND","X"
"30ATCTO1WW","EPCOUNTRY","PORTUGAL","X"
"30ATCTO1WW","EPCOUNTRY","ROMANIA","X"
"30ATCTO1WW","EPCOUNTRY","RUSSIA","X"
"30ATCTO1WW","EPCOUNTRY","SAUDI_ARABIA","X"
"30ATCTO1WW","EPCOUNTRY","SERBIA","X"
"30ATCTO1WW","EPCOUNTRY","SINGAPORE","X"
"30ATCTO1WW","EPCOUNTRY","SLOVAKIA","X"
"30ATCTO1WW","EPCOUNTRY","SLOVENIA","X"
"30ATCTO1WW","EPCOUNTRY","SOUTH_AFRICA","X"
"30ATCTO1WW","EPCOUNTRY","SOUTH_EAST_EUROPE","X"
"30ATCTO1WW","EPCOUNTRY","SPAIN","X"
"30ATCTO1WW","EPCOUNTRY","SRI_LANKA","X"
"30ATCTO1WW","EPCOUNTRY","SWEDEN","X"
"30ATCTO1WW","EPCOUNTRY","SWITZERLAND","X"
"30ATCTO1WW","EPCOUNTRY","TAIWAN","X"
"30ATCTO1WW","EPCOUNTRY","THAILAND","X"
"30ATCTO1WW","EPCOUNTRY","TURKEY","X"
"30ATCTO1WW","EPCOUNTRY","UAE","X"
"30ATCTO1WW","EPCOUNTRY","UK","X"
"30ATCTO1WW","EPCOUNTRY","UKRAINE","X"
"30ATCTO1WW","EPCOUNTRY","URUGUAY","X"
"30ATCTO1WW","EPCOUNTRY","USA","X"
"30ATCTO1WW","EPCOUNTRY","VENEZUELA","X"
"30ATCTO1WW","EPCOUNTRY","VIETNAM","X"
"30ATCTO1WW","EPCPU","INTEL CORE I3_6100 3.7GHZ","X"
"30ATCTO1WW","EPCPU","INTEL CORE I3_6300 3.8GHZ","X"
"30ATCTO1WW","EPCPU","INTEL CORE I3_6320 3.9GHZ","X"
"30ATCTO1WW","EPCPU","INTEL CORE I5_6400 2.7GHZ","X"
"30ATCTO1WW","EPCPU","INTEL CORE I5_6500 3.2GHZ","X"
"30ATCTO1WW","EPCPU","INTEL CORE I5_6600 3.3GHZ","X"
"30ATCTO1WW","EPCPU","INTEL CORE I7_6700 3.4GHZ","X"
"30ATCTO1WW","EPCPU","INTEL PENTIUM G4400 3.3GHZ","X"
"30ATCTO1WW","EPCPU","INTEL XEON E3_1220V5 3.0GHZ","X"
"30ATCTO1WW","EPCPU","INTEL XEON E3_1225V5 3.3GHZ","X"
"30ATCTO1WW","EPCPU","INTEL XEON E3_1230V5 3.4GHZ","X"
"30ATCTO1WW","EPCPU","INTEL XEON E3_1240V5 3.5GHZ","X"
"30ATCTO1WW","EPCPU","INTEL XEON E3_1245V5 3.5GHZ","X"
"30ATCTO1WW","EPCPU","INTEL XEON E3_1270V5 3.6GHZ","X"
"30ATCTO1WW","EPCPU","INTEL XEON E3_1275V5 3.6GHZ","X"
"30ATCTO1WW","EPCPU","INTEL XEON E3_1280V5 3.7GHZ","X"
"30ATCTO1WW","EPESATAPROT","ESATA PORT","X"
"30ATCTO1WW","EPESATAPROT","NO ESATA PORT SELECTED","X"
"30ATCTO1WW","EPETHERNET","BITLAND BN8E88 1 PORT FH","X"
"30ATCTO1WW","EPETHERNET","I210-T1 SINGLE-PORT GIGABIT ET","X"
"30ATCTO1WW","EPETHERNET","I350-T2 DUAL-PORT GIGABIT ET","X"
"30ATCTO1WW","EPETHERNET","I350_T4 QUAD_PORT GIGABIT ET","X"
"30ATCTO1WW","EPETHERNET","INTEGRATED ETHERNET","X"
"30ATCTO1WW","EPETHERNET2","BITLAND BN8E88 1 PORT FH","X"
"30ATCTO1WW","EPETHERNET2","I210_T1 SINGLE_PORT GIGABIT ET","X"
"30ATCTO1WW","EPETHERNET2","I350-T2 DUAL-PORT GIGABIT ET","X"
"30ATCTO1WW","EPETHERNET2","I350_T4 QUAD_PORT GIGABIT ET","X"
"30ATCTO1WW","EPETHERNET2","NO_ETHERNET","X"
"30ATCTO1WW","EPFIRST_FLEX_BAY","5.25_FLEX MODULE","X"
"30ATCTO1WW","EPFIRST_FLEX_BAY","5.25_FRONT HDD ENCLOSURE","X"
"30ATCTO1WW","EPFIRST_FLEX_BAY","5.25_HDD ENCLOSURE","X"
"30ATCTO1WW","EPFIRST_FLEX_BAY","EMPTY 5.25_FLEX MODULE","X"
"30ATCTO1WW","EPFIRST_FLEX_BAY","EMPTY 5.25_HDD ENCLOSURE","X"
"30ATCTO1WW","EPFIRST_FLEX_BAY","EMPTY FRONT HDD ENCLOSURE","X"
"30ATCTO1WW","EPFIRST_FLEX_BAY","EMPTY SLIM ODD_HDD KIT TWR","X"
"30ATCTO1WW","EPFIRST_FLEX_BAY","NONE","X"
"30ATCTO1WW","EPFIRST_FLEX_BAY","SLIM ODD_HDD ENCLOSURE TWR","X"
"30ATCTO1WW","EPFLOORSTAND","NO_FLOOR STAND","X"
"30ATCTO1WW","EPFRONT_IO_1394","FRONT 1394 I_O","X"
"30ATCTO1WW","EPFRONT_IO_1394","NO_1394 I_O","X"
"30ATCTO1WW","EPFRONT_IO_ESATA","FRONT ESATA I_O","X"
"30ATCTO1WW","EPFRONT_IO_ESATA","NO_ESATA I_O","X"
"30ATCTO1WW","EPGRAPHICCARD1","AMD FP 2270X16_512M_DL_DP","X"
"30ATCTO1WW","EPGRAPHICCARD1","AMD FP 2270X16_512M_DMS59","X"
"30ATCTO1WW","EPGRAPHICCARD1","AMD W2100 2G 2DP","X"
"30ATCTO1WW","EPGRAPHICCARD1","AMD W4100 2G 4MDP","X"
"30ATCTO1WW","EPGRAPHICCARD1","AMD W5100 4G 4DP","X"
"30ATCTO1WW","EPGRAPHICCARD1","INTEGRATED VIDEO","X"
"30ATCTO1WW","EPGRAPHICCARD1","NO_GRAPHIC CARD SELECTED","X"
"30ATCTO1WW","EPGRAPHICCARD1","NVIDIA K1200 4G 4MDP HP","X"
"30ATCTO1WW","EPGRAPHICCARD1","NVIDIA K2200 3G 2DP DVI",""
"30ATCTO1WW","EPGRAPHICCARD1","NVIDIA K420 2GB DP DVI","X"
"30ATCTO1WW","EPGRAPHICCARD1","NVIDIA K620 2G DVI DP HP","X"
"30ATCTO1WW","EPGRAPHICCARD1","NVIDIA M4000 4DP","X"
"30ATCTO1WW","EPGRAPHICCARD1","NVIDIA NVS310 1GB 2DP","X"
"30ATCTO1WW","EPGRAPHICCARD1","NVIDIA NVS315 1GB DL_DP HP","X"
"30ATCTO1WW","EPGRAPHICCARD1","NVIDIA NVS315 1GB DL_DVI HP","X"
"30ATCTO1WW","EPGRAPHICCARD1","NVIDIA NVS510 2GB MINI 4XDP","X"
"30ATCTO1WW","EPGRAPHICCARD1","NVIDIA NVS810 4GB 8MDP HP","X"
"30ATCTO1WW","EPGRAPHICCARD1","NVIDIA_M2000_4G_4DP_HP","X"
"30ATCTO1WW","EPGRAPHICCARD2","AMD FP 2270X16_512M_DL_DP","X"
"30ATCTO1WW","EPGRAPHICCARD2","AMD FP 2270X16_512M_DMS59","X"
"30ATCTO1WW","EPGRAPHICCARD2","AMD W2100 2G 2DP","X"
"30ATCTO1WW","EPGRAPHICCARD2","AMD W4100 2G 4MDP","X"
"30ATCTO1WW","EPGRAPHICCARD2","NO_SECOND GRAPHIC CARD","X"
"30ATCTO1WW","EPGRAPHICCARD2","NVIDIA K1200 4G 4MDP HP","X"
"30ATCTO1WW","EPGRAPHICCARD2","NVIDIA K2200 3G 2DP DVI",""
"30ATCTO1WW","EPGRAPHICCARD2","NVIDIA K420 2GB DP DVI","X"
"30ATCTO1WW","EPGRAPHICCARD2","NVIDIA K620 2G DVI DP HP","X"
"30ATCTO1WW","EPGRAPHICCARD2","NVIDIA NVS310 1GB 2DP","X"
"30ATCTO1WW","EPGRAPHICCARD2","NVIDIA NVS315 1GB DL_DP HP","X"
"30ATCTO1WW","EPGRAPHICCARD2","NVIDIA NVS315 1GB DL_DVI HP","X"
"30ATCTO1WW","EPGRAPHICCARD2","NVIDIA NVS510 2GB MINI 4XDP","X"
"30ATCTO1WW","EPGRAPHICCARD2","NVIDIA_M2000_4G_4DP_HP","X"
"30ATCTO1WW","EPIEEE1394","NO 1394 ADAPTER SELECTED","X"
"30ATCTO1WW","EPIEEE1394","PCIE IEEE 1394 FW ADAPTER HP","X"
"30ATCTO1WW","EPINTERFACE_PACK","CATALANBASQUEGALICIAN LIP","X"
"30ATCTO1WW","EPINTERFACE_PACK","NONE","X"
"30ATCTO1WW","EPKYB","FP KYBD EPEAT GOLD 058_CA_FR","X"
"30ATCTO1WW","EPKYB","FP KYBD EPEAT GOLD 179_TUR","X"
"30ATCTO1WW","EPKYB","FP KYBD EPEAT GOLD 319_GREEK","X"
"30ATCTO1WW","EPKYB","FP KYBD EPEAT GOLD 440_TUR","X"
"30ATCTO1WW","EPKYB","FP KYBD EPEAT GOLD 445_CA_FR","X"
"30ATCTO1WW","EPKYB","FP KYBD EPEAT GOLD 459_GREEK","X"
"30ATCTO1WW","EPKYB","FP KYBD EPEAT GOLD ARA_FR","X"
"30ATCTO1WW","EPKYB","FP KYBD EPEAT GOLD ARABIC","X"
"30ATCTO1WW","EPKYB","FP KYBD EPEAT GOLD BEL_FR","X"
"30ATCTO1WW","EPKYB","FP KYBD EPEAT GOLD BEL_UK","X"
"30ATCTO1WW","EPKYB","FP KYBD EPEAT GOLD BR_POR","X"
"30ATCTO1WW","EPKYB","FP KYBD EPEAT GOLD BULGARIAN","X"
"30ATCTO1WW","EPKYB","FP KYBD EPEAT GOLD CZECH","X"
"30ATCTO1WW","EPKYB","FP KYBD EPEAT GOLD DANISH","X"
"30ATCTO1WW","EPKYB","FP KYBD EPEAT GOLD DUTCH","X"
"30ATCTO1WW","EPKYB","FP KYBD EPEAT GOLD FRENCH","X"
"30ATCTO1WW","EPKYB","FP KYBD EPEAT GOLD GERMAN","X"
"30ATCTO1WW","EPKYB","FP KYBD EPEAT GOLD HEBREW","X"
"30ATCTO1WW","EPKYB","FP KYBD EPEAT GOLD HK_TW_TC","X"
"30ATCTO1WW","EPKYB","FP KYBD EPEAT GOLD HUNGARIAN","X"
"30ATCTO1WW","EPKYB","FP KYBD EPEAT GOLD ICELAND","X"
"30ATCTO1WW","EPKYB","FP KYBD EPEAT GOLD ITALIAN","X"
"30ATCTO1WW","EPKYB","FP KYBD EPEAT GOLD JAPANESE","X"
"30ATCTO1WW","EPKYB","FP KYBD EPEAT GOLD KOREAN","X"
"30ATCTO1WW","EPKYB","FP KYBD EPEAT GOLD LA_SP","X"
"30ATCTO1WW","EPKYB","FP KYBD EPEAT GOLD NORDICS","X"
"30ATCTO1WW","EPKYB","FP KYBD EPEAT GOLD NORWAY","X"
"30ATCTO1WW","EPKYB","FP KYBD EPEAT GOLD POLISH","X"
"30ATCTO1WW","EPKYB","FP KYBD EPEAT GOLD PORT","X"
"30ATCTO1WW","EPKYB","FP KYBD EPEAT GOLD ROMANIAN","X"
"30ATCTO1WW","EPKYB","FP KYBD EPEAT GOLD RUSSIAN","X"
"30ATCTO1WW","EPKYB","FP KYBD EPEAT GOLD SERBIAN","X"
"30ATCTO1WW","EPKYB","FP KYBD EPEAT GOLD SLOVAK","X"
"30ATCTO1WW","EPKYB","FP KYBD EPEAT GOLD SLOVENIAN","X"
"30ATCTO1WW","EPKYB","FP KYBD EPEAT GOLD SPANISH","X"
"30ATCTO1WW","EPKYB","FP KYBD EPEAT GOLD SWE_FIN","X"
"30ATCTO1WW","EPKYB","FP KYBD EPEAT GOLD SWISS","X"
"30ATCTO1WW","EPKYB","FP KYBD EPEAT GOLD THAI","X"
"30ATCTO1WW","EPKYB","FP KYBD EPEAT GOLD UK_EN","X"
"30ATCTO1WW","EPKYB","FP KYBD EPEAT GOLD US_EN","X"
"30ATCTO1WW","EPKYB","FP KYBD EPEAT GOLD US_EU","X"
"30ATCTO1WW","EPKYB","NO KEYBOARD SELECTED","X"
"30ATCTO1WW","EPKYB","PS2 KYBD 058_CA_FR","X"
"30ATCTO1WW","EPKYB","PS2 KYBD 172 SPANISH","X"
"30ATCTO1WW","EPKYB","PS2 KYBD 179_TUR","X"
"30ATCTO1WW","EPKYB","PS2 KYBD 319_GREEK","X"
"30ATCTO1WW","EPKYB","PS2 KYBD 440_TUR","X"
"30ATCTO1WW","EPKYB","PS2 KYBD 445_CA_FR","X"
"30ATCTO1WW","EPKYB","PS2 KYBD 459_GREEK","X"
"30ATCTO1WW","EPKYB","PS2 KYBD ARA_FR","X"
"30ATCTO1WW","EPKYB","PS2 KYBD ARABIC","X"
"30ATCTO1WW","EPKYB","PS2 KYBD BEL_FR","X"
"30ATCTO1WW","EPKYB","PS2 KYBD BEL_UK","X"
"30ATCTO1WW","EPKYB","PS2 KYBD BR_POR","X"
"30ATCTO1WW","EPKYB","PS2 KYBD BULGARIAN","X"
"30ATCTO1WW","EPKYB","PS2 KYBD CHINA_SC","X"
"30ATCTO1WW","EPKYB","PS2 KYBD CZECH","X"
"30ATCTO1WW","EPKYB","PS2 KYBD DANISH","X"
"30ATCTO1WW","EPKYB","PS2 KYBD DUTCH","X"
"30ATCTO1WW","EPKYB","PS2 KYBD FRENCH","X"
"30ATCTO1WW","EPKYB","PS2 KYBD GERMAN","X"
"30ATCTO1WW","EPKYB","PS2 KYBD HEBREW","X"
"30ATCTO1WW","EPKYB","PS2 KYBD HK_TW_TC","X"
"30ATCTO1WW","EPKYB","PS2 KYBD HUNGARIAN","X"
"30ATCTO1WW","EPKYB","PS2 KYBD ICELAND","X"
"30ATCTO1WW","EPKYB","PS2 KYBD INDIA EN","X"
"30ATCTO1WW","EPKYB","PS2 KYBD ITALIAN","X"
"30ATCTO1WW","EPKYB","PS2 KYBD JAPANESE","X"
"30ATCTO1WW","EPKYB","PS2 KYBD KOREAN","X"
"30ATCTO1WW","EPKYB","PS2 KYBD LA_SP","X"
"30ATCTO1WW","EPKYB","PS2 KYBD NORWAY","X"
"30ATCTO1WW","EPKYB","PS2 KYBD POLISH","X"
"30ATCTO1WW","EPKYB","PS2 KYBD PORT","X"
"30ATCTO1WW","EPKYB","PS2 KYBD ROMANIAN","X"
"30ATCTO1WW","EPKYB","PS2 KYBD RUSSIAN","X"
"30ATCTO1WW","EPKYB","PS2 KYBD SERBIAN","X"
"30ATCTO1WW","EPKYB","PS2 KYBD SLOVAK","X"
"30ATCTO1WW","EPKYB","PS2 KYBD SLOVENIAN","X"
"30ATCTO1WW","EPKYB","PS2 KYBD SWE_FIN","X"
"30ATCTO1WW","EPKYB","PS2 KYBD SWISS","X"
"30ATCTO1WW","EPKYB","PS2 KYBD THAI","X"
"30ATCTO1WW","EPKYB","PS2 KYBD UK_EN","X"
"30ATCTO1WW","EPKYB","PS2 KYBD US_EN","X"
"30ATCTO1WW","EPKYB","PS2 KYBD US_EU","X"
"30ATCTO1WW","EPKYB","USB FULL KEYBOARD 058_CA_FR","X"
"30ATCTO1WW","EPKYB","USB FULL KEYBOARD 179_TUR","X"
"30ATCTO1WW","EPKYB","USB FULL KEYBOARD 253_ARABIC","X"
"30ATCTO1WW","EPKYB","USB FULL KEYBOARD 319_GREEK","X"
"30ATCTO1WW","EPKYB","USB FULL KEYBOARD 440_TUR","X"
"30ATCTO1WW","EPKYB","USB FULL KEYBOARD 445_CA_FR","X"
"30ATCTO1WW","EPKYB","USB FULL KEYBOARD 459_GREEK","X"
"30ATCTO1WW","EPKYB","USB FULL KEYBOARD 470_ARABIC","X"
"30ATCTO1WW","EPKYB","USB FULL KEYBOARD ARA_FR","X"
"30ATCTO1WW","EPKYB","USB FULL KEYBOARD BEL_FR","X"
"30ATCTO1WW","EPKYB","USB FULL KEYBOARD BEL_UK","X"
"30ATCTO1WW","EPKYB","USB FULL KEYBOARD BR_POR","X"
"30ATCTO1WW","EPKYB","USB FULL KEYBOARD BULGARIAN","X"
"30ATCTO1WW","EPKYB","USB FULL KEYBOARD CHINA_SC","X"
"30ATCTO1WW","EPKYB","USB FULL KEYBOARD CZECH","X"
"30ATCTO1WW","EPKYB","USB FULL KEYBOARD DANISH","X"
"30ATCTO1WW","EPKYB","USB FULL KEYBOARD DUTCH","X"
"30ATCTO1WW","EPKYB","USB FULL KEYBOARD ESTONIAN","X"
"30ATCTO1WW","EPKYB","USB FULL KEYBOARD FRENCH","X"
"30ATCTO1WW","EPKYB","USB FULL KEYBOARD GERMAN","X"
"30ATCTO1WW","EPKYB","USB FULL KEYBOARD HEBREW","X"
"30ATCTO1WW","EPKYB","USB FULL KEYBOARD HK_TW_TC","X"
"30ATCTO1WW","EPKYB","USB FULL KEYBOARD HUNGARIAN","X"
"30ATCTO1WW","EPKYB","USB FULL KEYBOARD ICELAND","X"
"30ATCTO1WW","EPKYB","USB FULL KEYBOARD INDIA EN","X"
"30ATCTO1WW","EPKYB","USB FULL KEYBOARD INDIA LOC","X"
"30ATCTO1WW","EPKYB","USB FULL KEYBOARD ITALIAN","X"
"30ATCTO1WW","EPKYB","USB FULL KEYBOARD JAPANESE","X"
"30ATCTO1WW","EPKYB","USB FULL KEYBOARD KOREAN","X"
"30ATCTO1WW","EPKYB","USB FULL KEYBOARD LA_SP","X"
"30ATCTO1WW","EPKYB","USB FULL KEYBOARD LITHUANIAN","X"
"30ATCTO1WW","EPKYB","USB FULL KEYBOARD NORDICS","X"
"30ATCTO1WW","EPKYB","USB FULL KEYBOARD NORWAY","X"
"30ATCTO1WW","EPKYB","USB FULL KEYBOARD POLISH","X"
"30ATCTO1WW","EPKYB","USB FULL KEYBOARD PORT","X"
"30ATCTO1WW","EPKYB","USB FULL KEYBOARD ROMANIAN","X"
"30ATCTO1WW","EPKYB","USB FULL KEYBOARD RUSSIAN","X"
"30ATCTO1WW","EPKYB","USB FULL KEYBOARD SERBIAN","X"
"30ATCTO1WW","EPKYB","USB FULL KEYBOARD SLOVAK","X"
"30ATCTO1WW","EPKYB","USB FULL KEYBOARD SLOVENIAN","X"
"30ATCTO1WW","EPKYB","USB FULL KEYBOARD SPANISH","X"
"30ATCTO1WW","EPKYB","USB FULL KEYBOARD SWE_FIN","X"
"30ATCTO1WW","EPKYB","USB FULL KEYBOARD SWISS","X"
"30ATCTO1WW","EPKYB","USB FULL KEYBOARD THAI","X"
"30ATCTO1WW","EPKYB","USB FULL KEYBOARD UK_EN","X"
"30ATCTO1WW","EPKYB","USB FULL KEYBOARD US_EN","X"
"30ATCTO1WW","EPKYB","USB FULL KEYBOARD US_EU","X"
"30ATCTO1WW","EPKYB","USB SLIM F5 058_CA_FR","X"
"30ATCTO1WW","EPKYB","USB SLIM F5 179_TUR","X"
"30ATCTO1WW","EPKYB","USB SLIM F5 319_GREEK","X"
"30ATCTO1WW","EPKYB","USB SLIM F5 440_TUR","X"
"30ATCTO1WW","EPKYB","USB SLIM F5 445_CA_FR","X"
"30ATCTO1WW","EPKYB","USB SLIM F5 459_GREEK","X"
"30ATCTO1WW","EPKYB","USB SLIM F5 470_ARABIC","X"
"30ATCTO1WW","EPKYB","USB SLIM F5 ARA_FR","X"
"30ATCTO1WW","EPKYB","USB SLIM F5 ARABIC","X"
"30ATCTO1WW","EPKYB","USB SLIM F5 BEL_FR","X"
"30ATCTO1WW","EPKYB","USB SLIM F5 BEL_UK","X"
"30ATCTO1WW","EPKYB","USB SLIM F5 BR_POR","X"
"30ATCTO1WW","EPKYB","USB SLIM F5 BULGARIAN","X"
"30ATCTO1WW","EPKYB","USB SLIM F5 CZECH","X"
"30ATCTO1WW","EPKYB","USB SLIM F5 DANISH","X"
"30ATCTO1WW","EPKYB","USB SLIM F5 DUTCH","X"
"30ATCTO1WW","EPKYB","USB SLIM F5 ESTONIAN","X"
"30ATCTO1WW","EPKYB","USB SLIM F5 FRENCH","X"
"30ATCTO1WW","EPKYB","USB SLIM F5 GERMAN","X"
"30ATCTO1WW","EPKYB","USB SLIM F5 HEBREW","X"
"30ATCTO1WW","EPKYB","USB SLIM F5 HK_TW_TC","X"
"30ATCTO1WW","EPKYB","USB SLIM F5 HUNGARIAN","X"
"30ATCTO1WW","EPKYB","USB SLIM F5 ICELAND","X"
"30ATCTO1WW","EPKYB","USB SLIM F5 INDIA EN","X"
"30ATCTO1WW","EPKYB","USB SLIM F5 ITALIAN","X"
"30ATCTO1WW","EPKYB","USB SLIM F5 JAPANESE","X"
"30ATCTO1WW","EPKYB","USB SLIM F5 KOREAN","X"
"30ATCTO1WW","EPKYB","USB SLIM F5 LA_SP","X"
"30ATCTO1WW","EPKYB","USB SLIM F5 LITHUANIAN","X"
"30ATCTO1WW","EPKYB","USB SLIM F5 NORWAY","X"
"30ATCTO1WW","EPKYB","USB SLIM F5 POLISH","X"
"30ATCTO1WW","EPKYB","USB SLIM F5 PORT","X"
"30ATCTO1WW","EPKYB","USB SLIM F5 ROMANIAN","X"
"30ATCTO1WW","EPKYB","USB SLIM F5 RUSSIAN","X"
"30ATCTO1WW","EPKYB","USB SLIM F5 SERBIAN","X"
"30ATCTO1WW","EPKYB","USB SLIM F5 SLOVAK","X"
"30ATCTO1WW","EPKYB","USB SLIM F5 SLOVENIAN","X"
"30ATCTO1WW","EPKYB","USB SLIM F5 SPANISH","X"
"30ATCTO1WW","EPKYB","USB SLIM F5 SWE_FIN","X"
"30ATCTO1WW","EPKYB","USB SLIM F5 SWISS","X"
"30ATCTO1WW","EPKYB","USB SLIM F5 THAI","X"
"30ATCTO1WW","EPKYB","USB SLIM F5 UK_EN","X"
"30ATCTO1WW","EPKYB","USB SLIM F5 US_EN","X"
"30ATCTO1WW","EPKYB","USB SLIM F5 US_EU","X"
"30ATCTO1WW","EPKYB","USB SMARTCARD KBD BLK 179_TUR","X"
"30ATCTO1WW","EPKYB","USB SMARTCARD KBD BLK 253_ARA","X"
"30ATCTO1WW","EPKYB","USB SMARTCARD KBD BLK 440_TUR","X"
"30ATCTO1WW","EPKYB","USB SMARTCARD KBD BLK 446_ROM","X"
"30ATCTO1WW","EPKYB","USB SMARTCARD KBD BLK 470_ARA","X"
"30ATCTO1WW","EPKYB","USB SMARTCARD KBD BLK ARA_FR","X"
"30ATCTO1WW","EPKYB","USB SMARTCARD KBD BLK BEL_FR","X"
"30ATCTO1WW","EPKYB","USB SMARTCARD KBD BLK BEL_UK","X"
"30ATCTO1WW","EPKYB","USB SMARTCARD KBD BLK BR_POR","X"
"30ATCTO1WW","EPKYB","USB SMARTCARD KBD BLK CZECH","X"
"30ATCTO1WW","EPKYB","USB SMARTCARD KBD BLK DANISH","X"
"30ATCTO1WW","EPKYB","USB SMARTCARD KBD BLK DUTCH","X"
"30ATCTO1WW","EPKYB","USB SMARTCARD KBD BLK ESTONIAN","X"
"30ATCTO1WW","EPKYB","USB SMARTCARD KBD BLK FRENCH","X"
"30ATCTO1WW","EPKYB","USB SMARTCARD KBD BLK GERMAN","X"
"30ATCTO1WW","EPKYB","USB SMARTCARD KBD BLK HEBREW","X"
"30ATCTO1WW","EPKYB","USB SMARTCARD KBD BLK HK_TW_TC","X"
"30ATCTO1WW","EPKYB","USB SMARTCARD KBD BLK HUNGARY","X"
"30ATCTO1WW","EPKYB","USB SMARTCARD KBD BLK ICELAND","X"
"30ATCTO1WW","EPKYB","USB SMARTCARD KBD BLK INDIA_EN","X"
"30ATCTO1WW","EPKYB","USB SMARTCARD KBD BLK ITALIAN","X"
"30ATCTO1WW","EPKYB","USB SMARTCARD KBD BLK JAPANESE","X"
"30ATCTO1WW","EPKYB","USB SMARTCARD KBD BLK KOREAN","X"
"30ATCTO1WW","EPKYB","USB SMARTCARD KBD BLK LA_SP","X"
"30ATCTO1WW","EPKYB","USB SMARTCARD KBD BLK LITHUAN","X"
"30ATCTO1WW","EPKYB","USB SMARTCARD KBD BLK NORWAY","X"
"30ATCTO1WW","EPKYB","USB SMARTCARD KBD BLK POLISH","X"
"30ATCTO1WW","EPKYB","USB SMARTCARD KBD BLK PORT","X"
"30ATCTO1WW","EPKYB","USB SMARTCARD KBD BLK ROMANIAN","X"
"30ATCTO1WW","EPKYB","USB SMARTCARD KBD BLK RUSSIAN","X"
"30ATCTO1WW","EPKYB","USB SMARTCARD KBD BLK SERBIAN","X"
"30ATCTO1WW","EPKYB","USB SMARTCARD KBD BLK SLOVAK","X"
"30ATCTO1WW","EPKYB","USB SMARTCARD KBD BLK SPANISH","X"
"30ATCTO1WW","EPKYB","USB SMARTCARD KBD BLK SWE_FIN","X"
"30ATCTO1WW","EPKYB","USB SMARTCARD KBD BLK SWISS","X"
"30ATCTO1WW","EPKYB","USB SMARTCARD KBD BLK THAI","X"
"30ATCTO1WW","EPKYB","USB SMARTCARD KBD BLK UK_EN","X"
"30ATCTO1WW","EPKYB","USB SMARTCARD KBD BLK US_EN","X"
"30ATCTO1WW","EPKYB","USB SMARTCARD KBD BLK US_EU","X"
"30ATCTO1WW","EPKYB","USB SMARTCARDKBD BLK 058_CA_FR","X"
"30ATCTO1WW","EPKYB","USB SMARTCARDKBD BLK 319_GREEK","X"
"30ATCTO1WW","EPKYB","USB SMARTCARDKBD BLK 445_CA_FR","X"
"30ATCTO1WW","EPKYB","USB SMARTCARDKBD BLK 459_GREEK","X"
"30ATCTO1WW","EPKYB","USB SMARTCARDKBD BLK BULGARIAN","X"
"30ATCTO1WW","EPKYB","USB SMARTCARDKBD BLK SLOVENIAN","X"
"30ATCTO1WW","EPKYB","USB_FULLSIZE_KAZAKHASTAN","X"
"30ATCTO1WW","EPLINECORD","LINECORD_ANZ","X"
"30ATCTO1WW","EPLINECORD","LINECORD_AUSTRIA","X"
"30ATCTO1WW","EPLINECORD","LINECORD_BELGIUM","X"
"30ATCTO1WW","EPLINECORD","LINECORD_BRAZIL","X"
"30ATCTO1WW","EPLINECORD","LINECORD_CHINA","X"
"30ATCTO1WW","EPLINECORD","LINECORD_CROATIA","X"
"30ATCTO1WW","EPLINECORD","LINECORD_CZECHOSLOVAKIA","X"
"30ATCTO1WW","EPLINECORD","LINECORD_DENMARK","X"
"30ATCTO1WW","EPLINECORD","LINECORD_FINLAND","X"
"30ATCTO1WW","EPLINECORD","LINECORD_FRANCE","X"
"30ATCTO1WW","EPLINECORD","LINECORD_GERMAN","X"
"30ATCTO1WW","EPLINECORD","LINECORD_HK","X"
"30ATCTO1WW","EPLINECORD","LINECORD_HUNGARY","X"
"30ATCTO1WW","EPLINECORD","LINECORD_ID","X"
"30ATCTO1WW","EPLINECORD","LINECORD_INDIA","X"
"30ATCTO1WW","EPLINECORD","LINECORD_IRELAND","X"
"30ATCTO1WW","EPLINECORD","LINECORD_ISRAEL","X"
"30ATCTO1WW","EPLINECORD","LINECORD_ITALY","X"
"30ATCTO1WW","EPLINECORD","LINECORD_JAPANESE","X"
"30ATCTO1WW","EPLINECORD","LINECORD_KOREA","X"
"30ATCTO1WW","EPLINECORD","LINECORD_LA","X"
"30ATCTO1WW","EPLINECORD","LINECORD_MY","X"
"30ATCTO1WW","EPLINECORD","LINECORD_NETHERLANDS","X"
"30ATCTO1WW","EPLINECORD","LINECORD_NORDICS","X"
"30ATCTO1WW","EPLINECORD","LINECORD_NORWAY","X"
"30ATCTO1WW","EPLINECORD","LINECORD_POLAND","X"
"30ATCTO1WW","EPLINECORD","LINECORD_PORTUGAL","X"
"30ATCTO1WW","EPLINECORD","LINECORD_ROMANIA","X"
"30ATCTO1WW","EPLINECORD","LINECORD_SA","X"
"30ATCTO1WW","EPLINECORD","LINECORD_SPAIN","X"
"30ATCTO1WW","EPLINECORD","LINECORD_SWEDEN","X"
"30ATCTO1WW","EPLINECORD","LINECORD_SWITZERLAND","X"
"30ATCTO1WW","EPLINECORD","LINECORD_TAIWAN","X"
"30ATCTO1WW","EPLINECORD","LINECORD_UK","X"
"30ATCTO1WW","EPLINECORD","LINECORD_US","X"
"30ATCTO1WW","EPMEDIACARDREADER","29_IN_1 MEDIA CARD READER","X"
"30ATCTO1WW","EPMEDIACARDREADER","9_IN_1 MEDIA CARD READER","X"
"30ATCTO1WW","EPMEDIACARDREADER","MCR BLOCKER_NO INTEGRATED_MCR","X"
"30ATCTO1WW","EPMEMORY_SELECTION","16GB ECC 2133MHZ UDIMM","X"
"30ATCTO1WW","EPMEMORY_SELECTION","16GB NON_ECC 2133MHZ UDIMM","X"
"30ATCTO1WW","EPMEMORY_SELECTION","4GB NON_ECC 2133MHZ UDIMM","X"
"30ATCTO1WW","EPMEMORY_SELECTION","4GBECC1RX8 PC42133MHZ UDIMM","X"
"30ATCTO1WW","EPMEMORY_SELECTION","8GB ECC 2133MHZ UDIMM","X"
"30ATCTO1WW","EPMEMORY_SELECTION","8GB NON_ECC 2133MHZ UDIMM","X"
"30ATCTO1WW","EPMEMORY_SELECTION","NO_MEMORY SELECTED","X"
"30ATCTO1WW","EPMOUSE","3 BUTTON LASER MOUSE USB","X"
"30ATCTO1WW","EPMOUSE","3DCONNEXION_CADMOUSE","X"
"30ATCTO1WW","EPMOUSE","LENOVO OPT WHEEL MOUSE USB","X"
"30ATCTO1WW","EPMOUSE","NO MOUSE SELECTED","X"
"30ATCTO1WW","EPMOUSE","PS2 OPTICAL MOUSE","X"
"30ATCTO1WW","EPNORTON","NO NORTON INTERNET SECURITY","X"
"30ATCTO1WW","EPNORTON","NORTON_SECURITY_DELUXE_15M","X"
"30ATCTO1WW","EPNORTON","NORTON_SECURITY_DELUXE_36M","X"
"30ATCTO1WW","EPNORTON","NORTON_SECURITY_PREM_W_BU_15M","X"
"30ATCTO1WW","EPNORTON","NORTON_SECURITY_PREM_W_BU_36M","X"
"30ATCTO1WW","EPODD1","16X DVD ROM DOS","X"
"30ATCTO1WW","EPODD1","16X DVD ROM W10","X"
"30ATCTO1WW","EPODD1","16X DVD ROM WIN7","X"
"30ATCTO1WW","EPODD1","16X DVD RW DL W10","X"
"30ATCTO1WW","EPODD1","16X DVD RW DL WIN7","X"
"30ATCTO1WW","EPODD1","16X DVD_RW DL DOS","X"
"30ATCTO1WW","EPODD1","BLU RAY BUSENCRYPT W10","X"
"30ATCTO1WW","EPODD1","BLU_RAY W_BUSENCRYPT DOS","X"
"30ATCTO1WW","EPODD1","BLU_RAY W_BUSENCRYPT WIN 7","X"
"30ATCTO1WW","EPODD1","NO 1ST OPTICAL DRIVE SELECTED","X"
"30ATCTO1WW","EPODD2","16X DVD ROM DOS","X"
"30ATCTO1WW","EPODD2","16X DVD ROM WIN10","X"
"30ATCTO1WW","EPODD2","16X DVD ROM WIN7","X"
"30ATCTO1WW","EPODD2","16X DVD RW DL WIN10","X"
"30ATCTO1WW","EPODD2","16X DVD RW DL WIN7","X"
"30ATCTO1WW","EPODD2","16X DVD_RW DL DOS","X"
"30ATCTO1WW","EPODD2","BLU RAY BUSENCRYPT WIN10","X"
"30ATCTO1WW","EPODD2","BLU_RAY W_BUSENCRYPT DOS","X"
"30ATCTO1WW","EPODD2","BLU_RAY W_BUSENCRYPT WIN 7","X"
"30ATCTO1WW","EPODD2","NO 2ND OPTICAL DRIVE SELECTED","X"
"30ATCTO1WW","EPOFFICE","H_B_2016_AFOLB_EU+ACROB_DC","X"
"30ATCTO1WW","EPOFFICE","H_B_2016_AFOLB_NON-EU+ACROB_DC","X"
"30ATCTO1WW","EPOFFICE","MSOF2013H_B_PREMIUM_JAPAN","X"
"30ATCTO1WW","EPOFFICE","MSOF2013PERSONAL_PREMIUM_JAPAN","X"
"30ATCTO1WW","EPOFFICE","MSOF2016_H_B_PREMIUM_JAPAN","X"
"30ATCTO1WW","EPOFFICE","MSOF2016B_ADOBEACROBAT DC_EU","X"
"30ATCTO1WW","EPOFFICE","MSOF2016B_ADOBEACROBAT DC_HEB","X"
"30ATCTO1WW","EPOFFICE","MSOF2016B_ADOBEACROBATDC_NONEU","X"
"30ATCTO1WW","EPOFFICE","MSOF2016P_ADOBEACROBAT DC_EU","X"
"30ATCTO1WW","EPOFFICE","MSOF2016P_ADOBEACROBAT DC_HEB","X"
"30ATCTO1WW","EPOFFICE","MSOF2016P_ADOBEACROBATDC_NONEU","X"
"30ATCTO1WW","EPOFFICE","MSOF2016PERSONAL_PREMIUM_JAPAN","X"
"30ATCTO1WW","EPOFFICE","NO OFFICE SOFTWARE SELECTED","X"
"30ATCTO1WW","EPOFFICE","OFFICE 365 HOME_EM","X"
"30ATCTO1WW","EPOFFICE","OFFICE 365 HOME_HEBREW","X"
"30ATCTO1WW","EPOFFICE","OFFICE 365 HOME_MM","X"
"30ATCTO1WW","EPOFFICE","OFFICE 365 PERS_EM","X"
"30ATCTO1WW","EPOFFICE","OFFICE 365 PERS_HEBREW","X"
"30ATCTO1WW","EPOFFICE","OFFICE 365 PERS_MM","X"
"30ATCTO1WW","EPOFFICE","OFFICE H_B 2013 JAPANESE","X"
"30ATCTO1WW","EPOFFICE","OFFICE H_B 2016_EU","X"
"30ATCTO1WW","EPOFFICE","OFFICE H_B 2016_HEBREW","X"
"30ATCTO1WW","EPOFFICE","OFFICE H_B 2016_NONEU","X"
"30ATCTO1WW","EPOFFICE","OFFICE H_S 2016_EM","X"
"30ATCTO1WW","EPOFFICE","OFFICE H_S 2016_HEBREW","X"
"30ATCTO1WW","EPOFFICE","OFFICE H_S 2016_MM","X"
"30ATCTO1WW","EPOFFICE","OFFICE PERS 2013 JAPANESE","X"
"30ATCTO1WW","EPOFFICE","OFFICE PRO 2013 JAPANESE","X"
"30ATCTO1WW","EPOFFICE","OFFICE PRO 2016_EU","X"
"30ATCTO1WW","EPOFFICE","OFFICE PRO 2016_HEBREW","X"
"30ATCTO1WW","EPOFFICE","OFFICE PRO 2016_NONEU","X"
"30ATCTO1WW","EPOFFICE","OFFICE_365_HOME_AFOLB_DM","X"
"30ATCTO1WW","EPOFFICE","OFFICE_365_HOME_AFOLB_EM","X"
"30ATCTO1WW","EPOFFICE","OFFICE_365_PERSONAL_AFOLB_DM","X"
"30ATCTO1WW","EPOFFICE","OFFICE_365_PERSONAL_AFOLB_EM","X"
"30ATCTO1WW","EPOFFICE","OFFICE_H_B_2016_AFOLB_EU","X"
"30ATCTO1WW","EPOFFICE","OFFICE_H_B_2016_AFOLB_NON-EU","X"
"30ATCTO1WW","EPOFFICE","OFFICE_H_B_2016_JAPANESE","X"
"30ATCTO1WW","EPOFFICE","OFFICE_H_S_2016_AFOLB_DM","X"
"30ATCTO1WW","EPOFFICE","OFFICE_H_S_2016_AFOLB_EM","X"
"30ATCTO1WW","EPOFFICE","OFFICE_PERS_2016_JAPANESE","X"
"30ATCTO1WW","EPOFFICE","OFFICE_PRO_2016_AFOLB_EU","X"
"30ATCTO1WW","EPOFFICE","OFFICE_PRO_2016_AFOLB_NON-EU","X"
"30ATCTO1WW","EPOFFICE","OFFICE_PRO_2016_JAPANESE","X"
"30ATCTO1WW","EPOFFICE","OFFICE_PRO_PREMIUM_2016_JAPAN","X"
"30ATCTO1WW","EPOFFICE","PRO_2016_AFOLB_EU+ACROB_DC","X"
"30ATCTO1WW","EPOFFICE","PRO_2016_AFOLB_NON-EU+ACROB_DC","X"
"30ATCTO1WW","EPPARALLELPORT","NONE","X"
"30ATCTO1WW","EPPARALLELPORT","PARALLEL PORT_TW","X"
"30ATCTO1WW","EPPARIS_HAVANAOTHERS1","1TB HYBRID HDD SATA 3.5","X"
"30ATCTO1WW","EPPARIS_HAVANAOTHERS1","2TB HYBRID HDD SATA 3.5","X"
"30ATCTO1WW","EPPARIS_HAVANAOTHERS1","3.5_1TB SATA HDD 7200RPM","X"
"30ATCTO1WW","EPPARIS_HAVANAOTHERS1","3.5_2TB SATA HDD 7200RPM","X"
"30ATCTO1WW","EPPARIS_HAVANAOTHERS1","3.5_3TB SATA HDD 7200RPM","X"
"30ATCTO1WW","EPPARIS_HAVANAOTHERS1","3.5_4TB SATA HDD 7200RPM","X"
"30ATCTO1WW","EPPARIS_HAVANAOTHERS1","3.5_500GB SATA HDD 7200RPM","X"
"30ATCTO1WW","EPPARIS_HAVANAOTHERS1","3.5_6TB_SATA_HDD_7200_RPM","X"
"30ATCTO1WW","EPPARIS_HAVANAOTHERS1","NONE","X"
"30ATCTO1WW","EPPARIS_HAVANAOTHERS10","NONE","X"
"30ATCTO1WW","EPPARIS_HAVANAOTHERS2","MCAFEE_INTERNET_SECURITY_15M","X"
"30ATCTO1WW","EPPARIS_HAVANAOTHERS2","MCAFEE_INTERNET_SECURITY_36M","X"
"30ATCTO1WW","EPPARIS_HAVANAOTHERS2","MCAFEE_LIVESAFE_15M","X"
"30ATCTO1WW","EPPARIS_HAVANAOTHERS2","MCAFEE_LIVESAFE_36M","X"
"30ATCTO1WW","EPPARIS_HAVANAOTHERS2","NONE","X"
"30ATCTO1WW","EPPARIS_HAVANAOTHERS3","NONE","X"
"30ATCTO1WW","EPPARIS_HAVANAOTHERS3","WIN7_READY_TO_PROVISION","X"
"30ATCTO1WW","EPPARIS_HAVANAOTHERS4","NONE","X"
"30ATCTO1WW","EPPARIS_HAVANAOTHERS5","NONE","X"
"30ATCTO1WW","EPPARIS_HAVANAOTHERS6","NONE","X"
"30ATCTO1WW","EPPARIS_HAVANAOTHERS7","NONE","X"
"30ATCTO1WW","EPPARIS_HAVANAOTHERS8","NONE","X"
"30ATCTO1WW","EPPARIS_HAVANAOTHERS9","NONE","X"
"30ATCTO1WW","EPPLATFORM","TW MECH 250W 85P C236 P310","X"
"30ATCTO1WW","EPPLATFORM","TW MECH 400W 92P C236 P310","X"
"30ATCTO1WW","EPPRELOAD_LANG","CI_W10 H64_SEAP_SL EM_ENGLISH","X"
"30ATCTO1WW","EPPRELOAD_LANG","CI_W10 H64_SL EM_PORTUGUESE_EN","X"
"30ATCTO1WW","EPPRELOAD_LANG","CI_W10P DG W7P64_ARABIC_EN","X"
"30ATCTO1WW","EPPRELOAD_LANG","CI_W10P DG W7P64_CZECH_EN","X"
"30ATCTO1WW","EPPRELOAD_LANG","CI_W10P DG W7P64_EM_CHN_SC","X"
"30ATCTO1WW","EPPRELOAD_LANG","CI_W10P DG W7P64_ENGLISH","X"
"30ATCTO1WW","EPPRELOAD_LANG","CI_W10P DG W7P64_FRENCH","X"
"30ATCTO1WW","EPPRELOAD_LANG","CI_W10P DG W7P64_GERMAN","X"
"30ATCTO1WW","EPPRELOAD_LANG","CI_W10P DG W7P64_GREEK_EN","X"
"30ATCTO1WW","EPPRELOAD_LANG","CI_W10P DG W7P64_HEBREW_EN","X"
"30ATCTO1WW","EPPRELOAD_LANG","CI_W10P DG W7P64_HUNGARIAN_EN","X"
"30ATCTO1WW","EPPRELOAD_LANG","CI_W10P DG W7P64_JAPANESE_EN","X"
"30ATCTO1WW","EPPRELOAD_LANG","CI_W10P DG W7P64_KOREAN_EN","X"
"30ATCTO1WW","EPPRELOAD_LANG","CI_W10P DG W7P64_ML_EMEA_WE","X"
"30ATCTO1WW","EPPRELOAD_LANG","CI_W10P DG W7P64_ML_NORDICS","X"
"30ATCTO1WW","EPPRELOAD_LANG","CI_W10P DG W7P64_POLISH_EN","X"
"30ATCTO1WW","EPPRELOAD_LANG","CI_W10P DG W7P64_PORT_BR","X"
"30ATCTO1WW","EPPRELOAD_LANG","CI_W10P DG W7P64_PORTUGUESE_EN","X"
"30ATCTO1WW","EPPRELOAD_LANG","CI_W10P DG W7P64_ROMANIAN_EN","X"
"30ATCTO1WW","EPPRELOAD_LANG","CI_W10P DG W7P64_RUSSIAN","X"
"30ATCTO1WW","EPPRELOAD_LANG","CI_W10P DG W7P64_SERBIAN_EN","X"
"30ATCTO1WW","EPPRELOAD_LANG","CI_W10P DG W7P64_SL_CR_EN","X"
"30ATCTO1WW","EPPRELOAD_LANG","CI_W10P DG W7P64_SLOVAKIAN_EN","X"
"30ATCTO1WW","EPPRELOAD_LANG","CI_W10P DG W7P64_SPANISH","X"
"30ATCTO1WW","EPPRELOAD_LANG","CI_W10P DG W7P64_TC_EN_HK","X"
"30ATCTO1WW","EPPRELOAD_LANG","CI_W10P DG W7P64_TC_EN_TW","X"
"30ATCTO1WW","EPPRELOAD_LANG","CI_W10P DG W7P64_TURKISH_EN","X"
"30ATCTO1WW","EPPRELOAD_LANG","CI_W10P_DG_W7P64_HK_TC_SC_EN","X"
"30ATCTO1WW","EPPRELOAD_LANG","CI_WIN10 H64_ARABIC_EN","X"
"30ATCTO1WW","EPPRELOAD_LANG","CI_WIN10 H64_CZECH_EN","X"
"30ATCTO1WW","EPPRELOAD_LANG","CI_WIN10 H64_EM_CHN_SC","X"
"30ATCTO1WW","EPPRELOAD_LANG","CI_WIN10 H64_ENGLISH","X"
"30ATCTO1WW","EPPRELOAD_LANG","CI_WIN10 H64_FRENCH","X"
"30ATCTO1WW","EPPRELOAD_LANG","CI_WIN10 H64_GERMAN","X"
"30ATCTO1WW","EPPRELOAD_LANG","CI_WIN10 H64_GREEK_EN","X"
"30ATCTO1WW","EPPRELOAD_LANG","CI_WIN10 H64_HEBREW_EN","X"
"30ATCTO1WW","EPPRELOAD_LANG","CI_WIN10 H64_HUNGARIAN_EN","X"
"30ATCTO1WW","EPPRELOAD_LANG","CI_WIN10 H64_JAPANESE_EN","X"
"30ATCTO1WW","EPPRELOAD_LANG","CI_WIN10 H64_KOREAN_EN","X"
"30ATCTO1WW","EPPRELOAD_LANG","CI_WIN10 H64_ML_EMEA_WE","X"
"30ATCTO1WW","EPPRELOAD_LANG","CI_WIN10 H64_ML_NORDICS","X"
"30ATCTO1WW","EPPRELOAD_LANG","CI_WIN10 H64_POLISH_EN","X"
"30ATCTO1WW","EPPRELOAD_LANG","CI_WIN10 H64_PORTUGUESE_EN","X"
"30ATCTO1WW","EPPRELOAD_LANG","CI_WIN10 H64_ROMANIAN_EN","X"
"30ATCTO1WW","EPPRELOAD_LANG","CI_WIN10 H64_SL EM_ARABIC_EN","X"
"30ATCTO1WW","EPPRELOAD_LANG","CI_WIN10 H64_SL EM_ENGLISH","X"
"30ATCTO1WW","EPPRELOAD_LANG","CI_WIN10 H64_SL EM_FRENCH","X"
"30ATCTO1WW","EPPRELOAD_LANG","CI_WIN10 H64_SL EM_PORT_BR","X"
"30ATCTO1WW","EPPRELOAD_LANG","CI_WIN10 H64_SL EM_RUSSIAN","X"
"30ATCTO1WW","EPPRELOAD_LANG","CI_WIN10 H64_SL EM_SERBIAN_EN","X"
"30ATCTO1WW","EPPRELOAD_LANG","CI_WIN10 H64_SL EM_SPANISH","X"
"30ATCTO1WW","EPPRELOAD_LANG","CI_WIN10 H64_SL EM_TURKISH_EN","X"
"30ATCTO1WW","EPPRELOAD_LANG","CI_WIN10 H64_SL_CR_EN","X"
"30ATCTO1WW","EPPRELOAD_LANG","CI_WIN10 H64_SLOVAKIAN_EN","X"
"30ATCTO1WW","EPPRELOAD_LANG","CI_WIN10 H64_SPANISH","X"
"30ATCTO1WW","EPPRELOAD_LANG","CI_WIN10 H64_TC_EN_HK","X"
"30ATCTO1WW","EPPRELOAD_LANG","CI_WIN10 H64_TC_EN_TW","X"
"30ATCTO1WW","EPPRELOAD_LANG","CI_WIN10 PRO64_ARABIC_EN","X"
"30ATCTO1WW","EPPRELOAD_LANG","CI_WIN10 PRO64_CZECH_EN","X"
"30ATCTO1WW","EPPRELOAD_LANG","CI_WIN10 PRO64_ENGLISH","X"
"30ATCTO1WW","EPPRELOAD_LANG","CI_WIN10 PRO64_FRENCH","X"
"30ATCTO1WW","EPPRELOAD_LANG","CI_WIN10 PRO64_GERMAN","X"
"30ATCTO1WW","EPPRELOAD_LANG","CI_WIN10 PRO64_GREEK_EN","X"
"30ATCTO1WW","EPPRELOAD_LANG","CI_WIN10 PRO64_HEBREW_EN","X"
"30ATCTO1WW","EPPRELOAD_LANG","CI_WIN10 PRO64_HUNGARIAN_EN","X"
"30ATCTO1WW","EPPRELOAD_LANG","CI_WIN10 PRO64_JAPANESE_EN","X"
"30ATCTO1WW","EPPRELOAD_LANG","CI_WIN10 PRO64_KOREAN_EN","X"
"30ATCTO1WW","EPPRELOAD_LANG","CI_WIN10 PRO64_ML_EMEA_WE","X"
"30ATCTO1WW","EPPRELOAD_LANG","CI_WIN10 PRO64_ML_NORDICS","X"
"30ATCTO1WW","EPPRELOAD_LANG","CI_WIN10 PRO64_POLISH_EN","X"
"30ATCTO1WW","EPPRELOAD_LANG","CI_WIN10 PRO64_PORT_BR","X"
"30ATCTO1WW","EPPRELOAD_LANG","CI_WIN10 PRO64_PORTUGUESE_EN","X"
"30ATCTO1WW","EPPRELOAD_LANG","CI_WIN10 PRO64_ROMANIAN_EN","X"
"30ATCTO1WW","EPPRELOAD_LANG","CI_WIN10 PRO64_RUSSIAN","X"
"30ATCTO1WW","EPPRELOAD_LANG","CI_WIN10 PRO64_SERBIAN_EN","X"
"30ATCTO1WW","EPPRELOAD_LANG","CI_WIN10 PRO64_SIMPLIFIED_CN","X"
"30ATCTO1WW","EPPRELOAD_LANG","CI_WIN10 PRO64_SL_CR_EN","X"
"30ATCTO1WW","EPPRELOAD_LANG","CI_WIN10 PRO64_SLOVAKIAN_EN","X"
"30ATCTO1WW","EPPRELOAD_LANG","CI_WIN10 PRO64_SPANISH","X"
"30ATCTO1WW","EPPRELOAD_LANG","CI_WIN10 PRO64_TC_EN_HK","X"
"30ATCTO1WW","EPPRELOAD_LANG","CI_WIN10 PRO64_TC_EN_TW","X"
"30ATCTO1WW","EPPRELOAD_LANG","CI_WIN10 PRO64_TURKISH_EN","X"
"30ATCTO1WW","EPPRELOAD_LANG","CI_WIN10_H64_HK_TC_SC_EN","X"
"30ATCTO1WW","EPPRELOAD_LANG","CI_WIN10_PRO64_HK_TC_SC_EN","X"
"30ATCTO1WW","EPPRELOAD_LANG","CI_WIN7 PRO 64 ARABIC_EN","X"
"30ATCTO1WW","EPPRELOAD_LANG","CI_WIN7 PRO 64 EM LA ENGLISH","X"
"30ATCTO1WW","EPPRELOAD_LANG","CI_WIN7 PRO 64 EM TURKISH_EN","X"
"30ATCTO1WW","EPPRELOAD_LANG","CI_WIN7 PRO 64 EM_ARABIC_EN","X"
"30ATCTO1WW","EPPRELOAD_LANG","CI_WIN7 PRO 64 EM_EMEA ENGLISH","X"
"30ATCTO1WW","EPPRELOAD_LANG","CI_WIN7 PRO 64 EM_EMEA FRENCH","X"
"30ATCTO1WW","EPPRELOAD_LANG","CI_WIN7 PRO 64 EM_LA SPANISH","X"
"30ATCTO1WW","EPPRELOAD_LANG","CI_WIN7 PRO 64 EM_PORT_BR","X"
"30ATCTO1WW","EPPRELOAD_LANG","CI_WIN7 PRO 64 EM_SEA EN","X"
"30ATCTO1WW","EPPRELOAD_LANG","CI_WIN7 PRO 64 EMEA","X"
"30ATCTO1WW","EPPRELOAD_LANG","CI_WIN7 PRO 64 INDIAN ENGLISH","X"
"30ATCTO1WW","EPPRELOAD_LANG","CI_WIN7 PRO 64_CR_SL_EN","X"
"30ATCTO1WW","EPPRELOAD_LANG","CI_WIN7 PRO 64_CZECH_EN","X"
"30ATCTO1WW","EPPRELOAD_LANG","CI_WIN7 PRO 64_EM_POR_EN","X"
"30ATCTO1WW","EPPRELOAD_LANG","CI_WIN7 PRO 64_ENGLISH","X"
"30ATCTO1WW","EPPRELOAD_LANG","CI_WIN7 PRO 64_FRENCH","X"
"30ATCTO1WW","EPPRELOAD_LANG","CI_WIN7 PRO 64_GERMAN","X"
"30ATCTO1WW","EPPRELOAD_LANG","CI_WIN7 PRO 64_GREEK_EN","X"
"30ATCTO1WW","EPPRELOAD_LANG","CI_WIN7 PRO 64_HEBREW_EN","X"
"30ATCTO1WW","EPPRELOAD_LANG","CI_WIN7 PRO 64_HUNGARIAN_EN","X"
"30ATCTO1WW","EPPRELOAD_LANG","CI_WIN7 PRO 64_JAPANESE_EN","X"
"30ATCTO1WW","EPPRELOAD_LANG","CI_WIN7 PRO 64_KOREAN_EN","X"
"30ATCTO1WW","EPPRELOAD_LANG","CI_WIN7 PRO 64_NORDICS","X"
"30ATCTO1WW","EPPRELOAD_LANG","CI_WIN7 PRO 64_POLISH","X"
"30ATCTO1WW","EPPRELOAD_LANG","CI_WIN7 PRO 64_PORTUGUESE_EN","X"
"30ATCTO1WW","EPPRELOAD_LANG","CI_WIN7 PRO 64_ROMANIAN_EN","X"
"30ATCTO1WW","EPPRELOAD_LANG","CI_WIN7 PRO 64_RUSSIAN","X"
"30ATCTO1WW","EPPRELOAD_LANG","CI_WIN7 PRO 64_SERBIAN_EN","X"
"30ATCTO1WW","EPPRELOAD_LANG","CI_WIN7 PRO 64_SIMPLIFIED_CN","X"
"30ATCTO1WW","EPPRELOAD_LANG","CI_WIN7 PRO 64_SLOVAKIAN_EN","X"
"30ATCTO1WW","EPPRELOAD_LANG","CI_WIN7 PRO 64_SPANISH","X"
"30ATCTO1WW","EPPRELOAD_LANG","CI_WIN7 PRO 64_TC_EN_HK","X"
"30ATCTO1WW","EPPRELOAD_LANG","CI_WIN7 PRO 64_TC_EN_TW","X"
"30ATCTO1WW","EPPRELOAD_LANG","NO_OPERATING_SYSTEM","X"
"30ATCTO1WW","EPPRELOAD_LANG","W10 H64_SEAP_SL EM_ENGLISH","X"
"30ATCTO1WW","EPPRELOAD_LANG","W10P DG W7P64_ARABIC_EN","X"
"30ATCTO1WW","EPPRELOAD_LANG","W10P DG W7P64_CZECH_EN","X"
"30ATCTO1WW","EPPRELOAD_LANG","W10P DG W7P64_EM_CHN_SC","X"
"30ATCTO1WW","EPPRELOAD_LANG","W10P DG W7P64_ENGLISH","X"
"30ATCTO1WW","EPPRELOAD_LANG","W10P DG W7P64_FRENCH","X"
"30ATCTO1WW","EPPRELOAD_LANG","W10P DG W7P64_GERMAN","X"
"30ATCTO1WW","EPPRELOAD_LANG","W10P DG W7P64_GREEK_EN","X"
"30ATCTO1WW","EPPRELOAD_LANG","W10P DG W7P64_HEBREW_EN","X"
"30ATCTO1WW","EPPRELOAD_LANG","W10P DG W7P64_HUNGARIAN_EN","X"
"30ATCTO1WW","EPPRELOAD_LANG","W10P DG W7P64_JAPANESE_EN","X"
"30ATCTO1WW","EPPRELOAD_LANG","W10P DG W7P64_KOREAN_EN","X"
"30ATCTO1WW","EPPRELOAD_LANG","W10P DG W7P64_ML_EMEA_WE","X"
"30ATCTO1WW","EPPRELOAD_LANG","W10P DG W7P64_ML_NORDICS","X"
"30ATCTO1WW","EPPRELOAD_LANG","W10P DG W7P64_POLISH_EN","X"
"30ATCTO1WW","EPPRELOAD_LANG","W10P DG W7P64_PORT_BR","X"
"30ATCTO1WW","EPPRELOAD_LANG","W10P DG W7P64_PORTUGUESE_EN","X"
"30ATCTO1WW","EPPRELOAD_LANG","W10P DG W7P64_ROMANIAN_EN","X"
"30ATCTO1WW","EPPRELOAD_LANG","W10P DG W7P64_RUSSIAN","X"
"30ATCTO1WW","EPPRELOAD_LANG","W10P DG W7P64_SERBIAN_EN","X"
"30ATCTO1WW","EPPRELOAD_LANG","W10P DG W7P64_SL_CR_EN","X"
"30ATCTO1WW","EPPRELOAD_LANG","W10P DG W7P64_SLOVAKIAN_EN","X"
"30ATCTO1WW","EPPRELOAD_LANG","W10P DG W7P64_SPANISH",""
"30ATCTO1WW","EPPRELOAD_LANG","W10P DG W7P64_TC_EN_HK","X"
"30ATCTO1WW","EPPRELOAD_LANG","W10P DG W7P64_TC_EN_TW","X"
"30ATCTO1WW","EPPRELOAD_LANG","W10P DG W7P64_TURKISH_EN","X"
"30ATCTO1WW","EPPRELOAD_LANG","W10P_DG_W7P64_HK_TC_SC_EN","X"
"30ATCTO1WW","EPPRELOAD_LANG","WIN 7 PRO 64 ARABIC_EN","X"
"30ATCTO1WW","EPPRELOAD_LANG","WIN 7 PRO 64 EM LA ENGLISH","X"
"30ATCTO1WW","EPPRELOAD_LANG","WIN 7 PRO 64 EM TURKISH_EN","X"
"30ATCTO1WW","EPPRELOAD_LANG","WIN 7 PRO 64 EM_ARABIC_EN","X"
"30ATCTO1WW","EPPRELOAD_LANG","WIN 7 PRO 64 EM_EMEA ENGLISH","X"
"30ATCTO1WW","EPPRELOAD_LANG","WIN 7 PRO 64 EM_EMEA FRENCH","X"
"30ATCTO1WW","EPPRELOAD_LANG","WIN 7 PRO 64 EM_LA SPANISH","X"
"30ATCTO1WW","EPPRELOAD_LANG","WIN 7 PRO 64 EM_PORT_BR","X"
"30ATCTO1WW","EPPRELOAD_LANG","WIN 7 PRO 64 EM_SEA EN","X"
"30ATCTO1WW","EPPRELOAD_LANG","WIN 7 PRO 64 INDIAN ENGLISH","X"
"30ATCTO1WW","EPPRELOAD_LANG","WIN 7 PRO 64_CZECH_EN","X"
"30ATCTO1WW","EPPRELOAD_LANG","WIN 7 PRO 64_ENGLISH","X"
"30ATCTO1WW","EPPRELOAD_LANG","WIN 7 PRO 64_FRENCH","X"
"30ATCTO1WW","EPPRELOAD_LANG","WIN 7 PRO 64_GERMAN","X"
"30ATCTO1WW","EPPRELOAD_LANG","WIN 7 PRO 64_GREEK_EN","X"
"30ATCTO1WW","EPPRELOAD_LANG","WIN 7 PRO 64_HEBREW_EN","X"
"30ATCTO1WW","EPPRELOAD_LANG","WIN 7 PRO 64_HUNGARIAN_EN","X"
"30ATCTO1WW","EPPRELOAD_LANG","WIN 7 PRO 64_JAPANESE_EN","X"
"30ATCTO1WW","EPPRELOAD_LANG","WIN 7 PRO 64_KOREAN_EN","X"
"30ATCTO1WW","EPPRELOAD_LANG","WIN 7 PRO 64_NORDICS","X"
"30ATCTO1WW","EPPRELOAD_LANG","WIN 7 PRO 64_POLISH_EN","X"
"30ATCTO1WW","EPPRELOAD_LANG","WIN 7 PRO 64_PORTUGUESE_EN","X"
"30ATCTO1WW","EPPRELOAD_LANG","WIN 7 PRO 64_ROMANIAN_EN","X"
"30ATCTO1WW","EPPRELOAD_LANG","WIN 7 PRO 64_RUSSIAN","X"
"30ATCTO1WW","EPPRELOAD_LANG","WIN 7 PRO 64_SERBIAN_EN","X"
"30ATCTO1WW","EPPRELOAD_LANG","WIN 7 PRO 64_SIMPLIFIED_CN","X"
"30ATCTO1WW","EPPRELOAD_LANG","WIN 7 PRO 64_SLOVAKIAN_EN","X"
"30ATCTO1WW","EPPRELOAD_LANG","WIN 7 PRO 64_SPANISH","X"
"30ATCTO1WW","EPPRELOAD_LANG","WIN 7 PRO 64_TC_EN_HK","X"
"30ATCTO1WW","EPPRELOAD_LANG","WIN 7 PRO 64_TC_EN_TW","X"
"30ATCTO1WW","EPPRELOAD_LANG","WIN 7 PRO64 EMEA","X"
"30ATCTO1WW","EPPRELOAD_LANG","WIN10 H64_ARABIC_EN","X"
"30ATCTO1WW","EPPRELOAD_LANG","WIN10 H64_CZECH_EN","X"
"30ATCTO1WW","EPPRELOAD_LANG","WIN10 H64_EM_CHN_SC","X"
"30ATCTO1WW","EPPRELOAD_LANG","WIN10 H64_ENGLISH","X"
"30ATCTO1WW","EPPRELOAD_LANG","WIN10 H64_FRENCH","X"
"30ATCTO1WW","EPPRELOAD_LANG","WIN10 H64_GERMAN","X"
"30ATCTO1WW","EPPRELOAD_LANG","WIN10 H64_GREEK_EN","X"
"30ATCTO1WW","EPPRELOAD_LANG","WIN10 H64_HEBREW_EN","X"
"30ATCTO1WW","EPPRELOAD_LANG","WIN10 H64_HUNGARIAN_EN","X"
"30ATCTO1WW","EPPRELOAD_LANG","WIN10 H64_JAPANESE_EN","X"
"30ATCTO1WW","EPPRELOAD_LANG","WIN10 H64_KOREAN_EN","X"
"30ATCTO1WW","EPPRELOAD_LANG","WIN10 H64_ML_EMEA_WE","X"
"30ATCTO1WW","EPPRELOAD_LANG","WIN10 H64_ML_NORDICS","X"
"30ATCTO1WW","EPPRELOAD_LANG","WIN10 H64_POLISH_EN","X"
"30ATCTO1WW","EPPRELOAD_LANG","WIN10 H64_PORTUGUESE_EN","X"
"30ATCTO1WW","EPPRELOAD_LANG","WIN10 H64_ROMANIAN_EN","X"
"30ATCTO1WW","EPPRELOAD_LANG","WIN10 H64_SL EM_ARABIC_EN","X"
"30ATCTO1WW","EPPRELOAD_LANG","WIN10 H64_SL EM_ENGLISH","X"
"30ATCTO1WW","EPPRELOAD_LANG","WIN10 H64_SL EM_FRENCH","X"
"30ATCTO1WW","EPPRELOAD_LANG","WIN10 H64_SL EM_PORT_BR","X"
"30ATCTO1WW","EPPRELOAD_LANG","WIN10 H64_SL EM_PORTUGUESE_EN","X"
"30ATCTO1WW","EPPRELOAD_LANG","WIN10 H64_SL EM_RUSSIAN","X"
"30ATCTO1WW","EPPRELOAD_LANG","WIN10 H64_SL EM_SERBIAN_EN","X"
"30ATCTO1WW","EPPRELOAD_LANG","WIN10 H64_SL EM_SPANISH","X"
"30ATCTO1WW","EPPRELOAD_LANG","WIN10 H64_SL EM_TURKISH_EN","X"
"30ATCTO1WW","EPPRELOAD_LANG","WIN10 H64_SL_CR_EN","X"
"30ATCTO1WW","EPPRELOAD_LANG","WIN10 H64_SLOVAKIAN_EN","X"
"30ATCTO1WW","EPPRELOAD_LANG","WIN10 H64_SPANISH","X"
"30ATCTO1WW","EPPRELOAD_LANG","WIN10 H64_TC_EN_HK","X"
"30ATCTO1WW","EPPRELOAD_LANG","WIN10 H64_TC_EN_TW","X"
"30ATCTO1WW","EPPRELOAD_LANG","WIN10 PRO64_ARABIC_EN","X"
"30ATCTO1WW","EPPRELOAD_LANG","WIN10 PRO64_CZECH_EN","X"
"30ATCTO1WW","EPPRELOAD_LANG","WIN10 PRO64_ENGLISH","X"
"30ATCTO1WW","EPPRELOAD_LANG","WIN10 PRO64_FRENCH","X"
"30ATCTO1WW","EPPRELOAD_LANG","WIN10 PRO64_GERMAN","X"
"30ATCTO1WW","EPPRELOAD_LANG","WIN10 PRO64_GREEK_EN","X"
"30ATCTO1WW","EPPRELOAD_LANG","WIN10 PRO64_HEBREW_EN","X"
"30ATCTO1WW","EPPRELOAD_LANG","WIN10 PRO64_HUNGARIAN_EN","X"
"30ATCTO1WW","EPPRELOAD_LANG","WIN10 PRO64_JAPANESE_EN","X"
"30ATCTO1WW","EPPRELOAD_LANG","WIN10 PRO64_KOREAN_EN","X"
"30ATCTO1WW","EPPRELOAD_LANG","WIN10 PRO64_ML_EMEA_WE","X"
"30ATCTO1WW","EPPRELOAD_LANG","WIN10 PRO64_ML_NORDICS","X"
"30ATCTO1WW","EPPRELOAD_LANG","WIN10 PRO64_POLISH_EN","X"
"30ATCTO1WW","EPPRELOAD_LANG","WIN10 PRO64_PORT_BR","X"
"30ATCTO1WW","EPPRELOAD_LANG","WIN10 PRO64_PORTUGUESE_EN","X"
"30ATCTO1WW","EPPRELOAD_LANG","WIN10 PRO64_ROMANIAN_EN","X"
"30ATCTO1WW","EPPRELOAD_LANG","WIN10 PRO64_RUSSIAN","X"
"30ATCTO1WW","EPPRELOAD_LANG","WIN10 PRO64_SERBIAN_EN","X"
"30ATCTO1WW","EPPRELOAD_LANG","WIN10 PRO64_SIMPLIFIED_CN","X"
"30ATCTO1WW","EPPRELOAD_LANG","WIN10 PRO64_SL_CR_EN","X"
"30ATCTO1WW","EPPRELOAD_LANG","WIN10 PRO64_SLOVAKIAN_EN","X"
"30ATCTO1WW","EPPRELOAD_LANG","WIN10 PRO64_SPANISH",""
"30ATCTO1WW","EPPRELOAD_LANG","WIN10 PRO64_TC_EN_HK","X"
"30ATCTO1WW","EPPRELOAD_LANG","WIN10 PRO64_TC_EN_TW","X"
"30ATCTO1WW","EPPRELOAD_LANG","WIN10 PRO64_TURKISH_EN","X"
"30ATCTO1WW","EPPRELOAD_LANG","WIN10_H64_HK_TC_SC_EN","X"
"30ATCTO1WW","EPPRELOAD_LANG","WIN10_PRO64_HK_TC_SC_EN","X"
"30ATCTO1WW","EPPRELOAD_LANG","WIN7 PRO 64_SLOVENIAN_EN","X"
"30ATCTO1WW","EPPRELOAD_LANG","WIN7 PRO64 EM MEA_CL PORT_EN","X"
"30ATCTO1WW","EPPRELOAD_OS","NO_OPERATING_SYSTEM","X"
"30ATCTO1WW","EPPRELOAD_OS","WIN10_HOME 64","X"
"30ATCTO1WW","EPPRELOAD_OS","WIN10_HOME 64 EM","X"
"30ATCTO1WW","EPPRELOAD_OS","WIN10_PRO64","X"
"30ATCTO1WW","EPPRELOAD_OS","WIN10_PRO64_DG_WIN7 PRO64","X"
"30ATCTO1WW","EPPRELOAD_OS","WIN7_P64","X"
"30ATCTO1WW","EPPRELOAD_TYPE","CUSTOM_IMAGE","X"
"30ATCTO1WW","EPPRELOAD_TYPE","STANDARD_IMAGE","X"
"30ATCTO1WW","EPPS2PORTCABLE","NO_PS2 PORT CABLE","X"
"30ATCTO1WW","EPPS2PORTCABLE","PS2 PORT CABLE","X"
"30ATCTO1WW","EPPUB","PUB_ARABIC_EN_CL","X"
"30ATCTO1WW","EPPUB","PUB_BULGARIAN","X"
"30ATCTO1WW","EPPUB","PUB_CZECH_EN_CL","X"
"30ATCTO1WW","EPPUB","PUB_EMEA","X"
"30ATCTO1WW","EPPUB","PUB_ENGLISH","X"
"30ATCTO1WW","EPPUB","PUB_FRENCH","X"
"30ATCTO1WW","EPPUB","PUB_GERMAN","X"
"30ATCTO1WW","EPPUB","PUB_GREEK_EN_CL","X"
"30ATCTO1WW","EPPUB","PUB_HEBREW_EN_CL","X"
"30ATCTO1WW","EPPUB","PUB_HUNGARIAN","X"
"30ATCTO1WW","EPPUB","PUB_ITALIAN_EN_CL","X"
"30ATCTO1WW","EPPUB","PUB_JP_EN_CL","X"
"30ATCTO1WW","EPPUB","PUB_KOREAN_EN","X"
"30ATCTO1WW","EPPUB","PUB_NORDICS_EN_CL","X"
"30ATCTO1WW","EPPUB","PUB_POLISH","X"
"30ATCTO1WW","EPPUB","PUB_PORTUGUESE_BR","X"
"30ATCTO1WW","EPPUB","PUB_PORTUGUESE_EN_CL","X"
"30ATCTO1WW","EPPUB","PUB_ROMANIAN","X"
"30ATCTO1WW","EPPUB","PUB_RUSSIAN","X"
"30ATCTO1WW","EPPUB","PUB_SERBIAN_LATIN","X"
"30ATCTO1WW","EPPUB","PUB_SIMPLIFIED CHINESE","X"
"30ATCTO1WW","EPPUB","PUB_SLOVAKIAN_EN_CL","X"
"30ATCTO1WW","EPPUB","PUB_SLOVENIAN_CROATIAN_EN","X"
"30ATCTO1WW","EPPUB","PUB_SPANISH","X"
"30ATCTO1WW","EPPUB","PUB_TC_EN_HK_CL","X"
"30ATCTO1WW","EPPUB","PUB_TC_EN_TW_CL","X"
"30ATCTO1WW","EPPUB","PUB_THAILAND","X"
"30ATCTO1WW","EPPUB","PUB_TURKISH_EN_CL","X"
"30ATCTO1WW","EPPUB","PUB_UKRAINIAN","X"
"30ATCTO1WW","EPRDVD","NO RECOVERY DVD","X"
"30ATCTO1WW","EPRDVD","NONE_SB","X"
"30ATCTO1WW","EPRDVD","RDVD WIN 7 P64 ARABIC","X"
"30ATCTO1WW","EPRDVD","RDVD WIN 7 P64 BRAZPORT","X"
"30ATCTO1WW","EPRDVD","RDVD WIN 7 P64 CR_SL_EN_CL","X"
"30ATCTO1WW","EPRDVD","RDVD WIN 7 P64 CZECH","X"
"30ATCTO1WW","EPRDVD","RDVD WIN 7 P64 EMEA","X"
"30ATCTO1WW","EPRDVD","RDVD WIN 7 P64 ENGLISH","X"
"30ATCTO1WW","EPRDVD","RDVD WIN 7 P64 FRENCH","X"
"30ATCTO1WW","EPRDVD","RDVD WIN 7 P64 GERMAN","X"
"30ATCTO1WW","EPRDVD","RDVD WIN 7 P64 GREEK","X"
"30ATCTO1WW","EPRDVD","RDVD WIN 7 P64 HUNGARIAN EN","X"
"30ATCTO1WW","EPRDVD","RDVD WIN 7 P64 JAPANESE","X"
"30ATCTO1WW","EPRDVD","RDVD WIN 7 P64 KOREAN","X"
"30ATCTO1WW","EPRDVD","RDVD WIN 7 P64 NORDICS","X"
"30ATCTO1WW","EPRDVD","RDVD WIN 7 P64 POLISH","X"
"30ATCTO1WW","EPRDVD","RDVD WIN 7 P64 PORTUGUESE","X"
"30ATCTO1WW","EPRDVD","RDVD WIN 7 P64 ROMANIAN EN","X"
"30ATCTO1WW","EPRDVD","RDVD WIN 7 P64 RUSSIAN","X"
"30ATCTO1WW","EPRDVD","RDVD WIN 7 P64 SERB_LATIN EN","X"
"30ATCTO1WW","EPRDVD","RDVD WIN 7 P64 SLOVAKIAN","X"
"30ATCTO1WW","EPRDVD","RDVD WIN 7 P64 SPANISH","X"
"30ATCTO1WW","EPRDVD","RDVD WIN 7 P64 TURKISH","X"
"30ATCTO1WW","EPRDVD","RDVD WIN7 P64 HEBREW","X"
"30ATCTO1WW","EPRDVD","RDVD WIN7 P64 HK TC_EN","X"
"30ATCTO1WW","EPRDVD","RDVD WIN7 P64 TWN TC_EN","X"
"30ATCTO1WW","EPRDVD","WIN10P64 RDVD_COUPON_DUMMY_SC","X"
"30ATCTO1WW","EPRDVD","WIN10P64 RDVD_COUPON_HEBREW","X"
"30ATCTO1WW","EPRDVD","WIN10P64 RDVD_COUPON_WW","X"
"30ATCTO1WW","EPRDVD","WIN10P64 RUSB_ARABIC_EN","X"
"30ATCTO1WW","EPRDVD","WIN10P64 RUSB_BRAZPORT","X"
"30ATCTO1WW","EPRDVD","WIN10P64 RUSB_CR_SL_EN_CL","X"
"30ATCTO1WW","EPRDVD","WIN10P64 RUSB_CZECH_EN","X"
"30ATCTO1WW","EPRDVD","WIN10P64 RUSB_ENGLISH","X"
"30ATCTO1WW","EPRDVD","WIN10P64 RUSB_FRENCH","X"
"30ATCTO1WW","EPRDVD","WIN10P64 RUSB_GERMAN","X"
"30ATCTO1WW","EPRDVD","WIN10P64 RUSB_GREEK_EN","X"
"30ATCTO1WW","EPRDVD","WIN10P64 RUSB_HEBREW_EN","X"
"30ATCTO1WW","EPRDVD","WIN10P64 RUSB_HUNGARIAN_EN","X"
"30ATCTO1WW","EPRDVD","WIN10P64 RUSB_JAPANESE_EN","X"
"30ATCTO1WW","EPRDVD","WIN10P64 RUSB_KOREA_EN","X"
"30ATCTO1WW","EPRDVD","WIN10P64 RUSB_ML_EMEA_WE","X"
"30ATCTO1WW","EPRDVD","WIN10P64 RUSB_NORDIC_CL","X"
"30ATCTO1WW","EPRDVD","WIN10P64 RUSB_POLISH","X"
"30ATCTO1WW","EPRDVD","WIN10P64 RUSB_PORTUGUESE_EN","X"
"30ATCTO1WW","EPRDVD","WIN10P64 RUSB_ROMANIAN_EN","X"
"30ATCTO1WW","EPRDVD","WIN10P64 RUSB_RUSSIAN","X"
"30ATCTO1WW","EPRDVD","WIN10P64 RUSB_SERBIAN_EN","X"
"30ATCTO1WW","EPRDVD","WIN10P64 RUSB_SLOVAKIAN_EN","X"
"30ATCTO1WW","EPRDVD","WIN10P64 RUSB_SPANISH","X"
"30ATCTO1WW","EPRDVD","WIN10P64 RUSB_TC_EN_HK","X"
"30ATCTO1WW","EPRDVD","WIN10P64 RUSB_TC_EN_TW","X"
"30ATCTO1WW","EPRDVD","WIN10P64 RUSB_TURKISH_EN","X"
"30ATCTO1WW","EPREARUSB","NO ADDITONAL USB PORT SELECTED","X"
"30ATCTO1WW","EPREARUSB","TWO USB PORT ADDITION","X"
"30ATCTO1WW","EPSECOND_FLEX_BAY","5.25_FLEX MODULE","X"
"30ATCTO1WW","EPSECOND_FLEX_BAY","5.25_FRONT HDD ENCLOSURE","X"
"30ATCTO1WW","EPSECOND_FLEX_BAY","5.25_HDD ENCLOSURE","X"
"30ATCTO1WW","EPSECOND_FLEX_BAY","EMPTY 5.25_FLEX MODULE","X"
"30ATCTO1WW","EPSECOND_FLEX_BAY","EMPTY 5.25_HDD ENCLOSURE","X"
"30ATCTO1WW","EPSECOND_FLEX_BAY","EMPTY FRONT HDD ENCLOSURE","X"
"30ATCTO1WW","EPSECOND_FLEX_BAY","EMPTY SLIM ODD_HDD KIT TWR","X"
"30ATCTO1WW","EPSECOND_FLEX_BAY","NONE","X"
"30ATCTO1WW","EPSECOND_FLEX_BAY","SLIM ODD_HDD ENCLOSURE TWR","X"
"30ATCTO1WW","EPSP2","NO SECOND SERIAL PORT","X"
"30ATCTO1WW","EPSP2","SECOND SERIAL PORT","X"
"30ATCTO1WW","EPSTEREO3DCONNECTOR","NO NVIDIA STEREO 3D CONNECTOR","X"
"30ATCTO1WW","EPSTEREO3DCONNECTOR","NVIDIA STEREO 3D CONNECTOR","X"
"30ATCTO1WW","EPTHUNDERBOLT_IO","INTELTHUNDERBOLT CARD ASSEMBLY","X"
"30ATCTO1WW","EPTHUNDERBOLT_IO","NO_THUNDERBOLT CARD","X"
"30ATCTO1WW","EPULTRASLIM_ODD","9.5MM BLU_RAY DVD BURNER DOS","X"
"30ATCTO1WW","EPULTRASLIM_ODD","9.5MM BLU_RAY DVD BURNER WIN10","X"
"30ATCTO1WW","EPULTRASLIM_ODD","9.5MM BLU_RAY DVD BURNER WIN7","X"
"30ATCTO1WW","EPULTRASLIM_ODD","9.5MM DVD ROM_DOS","X"
"30ATCTO1WW","EPULTRASLIM_ODD","9.5MM DVD ROM_WIN10","X"
"30ATCTO1WW","EPULTRASLIM_ODD","9.5MM DVD ROM_WIN7","X"
"30ATCTO1WW","EPULTRASLIM_ODD","9.5MM DVDBURNER_CD_RW DOS","X"
"30ATCTO1WW","EPULTRASLIM_ODD","9.5MM DVDBURNER_CD_RW W10","X"
"30ATCTO1WW","EPULTRASLIM_ODD","9.5MM DVDBURNER_CD_RW W7","X"
"30ATCTO1WW","EPULTRASLIM_ODD","NONE","X"
"30ATCTO1WW","EPUSBADAPTER","NO USB ADAPTER","X"
"30ATCTO1WW","EPUSBADAPTER","USB 3.0 ADD_IN CARD HP","X"
"30ATCTO1WW","EPWARRANTY","W04_1YROS","X"
"30ATCTO1WW","EPWARRANTY","W06_3YROS","X"
"30ATCTO1WW","EPWARRANTY","W07_3YROS_INTL","X"
"30ATCTO1WW","EPWIFI","INTEL WIRELESS 8260 PCIE HP","X"
"30ATCTO1WW","EPWIFI","NO_WIFI","X"
"70SQCTO1WW","ISECOUNTRY","GERMANY","X"
"70SQCTO1WW","ISECOUNTRY","HONG_KONG","X"
"70SQCTO1WW","ISECOUNTRY","SINGAPORE","X"
"70SQCTO1WW","ISECOUNTRY","UK","X"
"70SQCTO1WW","ISECOUNTRY","USA","X"
"70SQCTO1WW","ISECUSTOMERNAME","ALI","X"
"70SQCTO1WW","ISECUSTOMERNAME","ALI CLOUD","X"
"70SQCTO1WW","ISEETHERNET_MODULE","FIBER_MODULE_FOR_ALI","X"
"70SQCTO1WW","ISEETHERNET_MODULE","NO_ETHERNET MODULE","X"
"70SQCTO1WW","ISEHDD_QTY_SELECTION_1","0.0","X"
"70SQCTO1WW","ISEHDD_QTY_SELECTION_1","1.0","X"
"70SQCTO1WW","ISEHDD_QTY_SELECTION_1","10.0","X"
"70SQCTO1WW","ISEHDD_QTY_SELECTION_1","11.0","X"
"70SQCTO1WW","ISEHDD_QTY_SELECTION_1","12.0","X"
"70SQCTO1WW","ISEHDD_QTY_SELECTION_1","2.0","X"
"70SQCTO1WW","ISEHDD_QTY_SELECTION_1","3.0","X"
"70SQCTO1WW","ISEHDD_QTY_SELECTION_1","4.0","X"
"70SQCTO1WW","ISEHDD_QTY_SELECTION_1","5.0","X"
"70SQCTO1WW","ISEHDD_QTY_SELECTION_1","6.0","X"
"70SQCTO1WW","ISEHDD_QTY_SELECTION_1","7.0","X"
"70SQCTO1WW","ISEHDD_QTY_SELECTION_1","8.0","X"
"70SQCTO1WW","ISEHDD_QTY_SELECTION_1","9.0","X"
"70SQCTO1WW","ISEHDD_QTY_SELECTION_2","0.0","X"
"70SQCTO1WW","ISEHDD_QTY_SELECTION_2","1.0","X"
"70SQCTO1WW","ISEHDD_QTY_SELECTION_2","10.0","X"
"70SQCTO1WW","ISEHDD_QTY_SELECTION_2","11.0","X"
"70SQCTO1WW","ISEHDD_QTY_SELECTION_2","12.0","X"
"70SQCTO1WW","ISEHDD_QTY_SELECTION_2","2.0","X"
"70SQCTO1WW","ISEHDD_QTY_SELECTION_2","3.0","X"
"70SQCTO1WW","ISEHDD_QTY_SELECTION_2","4.0","X"
"70SQCTO1WW","ISEHDD_QTY_SELECTION_2","5.0","X"
"70SQCTO1WW","ISEHDD_QTY_SELECTION_2","6.0","X"
"70SQCTO1WW","ISEHDD_QTY_SELECTION_2","7.0","X"
"70SQCTO1WW","ISEHDD_QTY_SELECTION_2","8.0","X"
"70SQCTO1WW","ISEHDD_QTY_SELECTION_2","9.0","X"
"70SQCTO1WW","ISEHDD_QTY_SELECTION_3","0.0","X"
"70SQCTO1WW","ISEHDD_QTY_SELECTION_3","1.0","X"
"70SQCTO1WW","ISEHDD_QTY_SELECTION_3","10.0","X"
"70SQCTO1WW","ISEHDD_QTY_SELECTION_3","11.0","X"
"70SQCTO1WW","ISEHDD_QTY_SELECTION_3","12.0","X"
"70SQCTO1WW","ISEHDD_QTY_SELECTION_3","2.0","X"
"70SQCTO1WW","ISEHDD_QTY_SELECTION_3","3.0","X"
"70SQCTO1WW","ISEHDD_QTY_SELECTION_3","4.0","X"
"70SQCTO1WW","ISEHDD_QTY_SELECTION_3","5.0","X"
"70SQCTO1WW","ISEHDD_QTY_SELECTION_3","6.0","X"
"70SQCTO1WW","ISEHDD_QTY_SELECTION_3","7.0","X"
"70SQCTO1WW","ISEHDD_QTY_SELECTION_3","8.0","X"
"70SQCTO1WW","ISEHDD_QTY_SELECTION_3","9.0","X"
"70SQCTO1WW","ISEHDD_QTY_SELECTION_4","0.0","X"
"70SQCTO1WW","ISEHDD_QTY_SELECTION_4","1.0","X"
"70SQCTO1WW","ISEHDD_QTY_SELECTION_4","10.0","X"
"70SQCTO1WW","ISEHDD_QTY_SELECTION_4","11.0","X"
"70SQCTO1WW","ISEHDD_QTY_SELECTION_4","12.0","X"
"70SQCTO1WW","ISEHDD_QTY_SELECTION_4","2.0","X"
"70SQCTO1WW","ISEHDD_QTY_SELECTION_4","3.0","X"
"70SQCTO1WW","ISEHDD_QTY_SELECTION_4","4.0","X"
"70SQCTO1WW","ISEHDD_QTY_SELECTION_4","5.0","X"
"70SQCTO1WW","ISEHDD_QTY_SELECTION_4","6.0","X"
"70SQCTO1WW","ISEHDD_QTY_SELECTION_4","7.0","X"
"70SQCTO1WW","ISEHDD_QTY_SELECTION_4","8.0","X"
"70SQCTO1WW","ISEHDD_QTY_SELECTION_4","9.0","X"
"70SQCTO1WW","ISEHDD_QTY_SELECTION_5","0.0","X"
"70SQCTO1WW","ISEHDD_QTY_SELECTION_5","1.0","X"
"70SQCTO1WW","ISEHDD_QTY_SELECTION_5","10.0","X"
"70SQCTO1WW","ISEHDD_QTY_SELECTION_5","11.0","X"
"70SQCTO1WW","ISEHDD_QTY_SELECTION_5","12.0","X"
"70SQCTO1WW","ISEHDD_QTY_SELECTION_5","2.0","X"
"70SQCTO1WW","ISEHDD_QTY_SELECTION_5","3.0","X"
"70SQCTO1WW","ISEHDD_QTY_SELECTION_5","4.0","X"
"70SQCTO1WW","ISEHDD_QTY_SELECTION_5","5.0","X"
"70SQCTO1WW","ISEHDD_QTY_SELECTION_5","6.0","X"
"70SQCTO1WW","ISEHDD_QTY_SELECTION_5","7.0","X"
"70SQCTO1WW","ISEHDD_QTY_SELECTION_5","8.0","X"
"70SQCTO1WW","ISEHDD_QTY_SELECTION_5","9.0","X"
"70SQCTO1WW","ISEHDD_QTY_SELECTION_6","0.0","X"
"70SQCTO1WW","ISEHDD_QTY_SELECTION_6","1.0","X"
"70SQCTO1WW","ISEHDD_QTY_SELECTION_6","10.0","X"
"70SQCTO1WW","ISEHDD_QTY_SELECTION_6","11.0","X"
"70SQCTO1WW","ISEHDD_QTY_SELECTION_6","12.0","X"
"70SQCTO1WW","ISEHDD_QTY_SELECTION_6","2.0","X"
"70SQCTO1WW","ISEHDD_QTY_SELECTION_6","3.0","X"
"70SQCTO1WW","ISEHDD_QTY_SELECTION_6","4.0","X"
"70SQCTO1WW","ISEHDD_QTY_SELECTION_6","5.0","X"
"70SQCTO1WW","ISEHDD_QTY_SELECTION_6","6.0","X"
"70SQCTO1WW","ISEHDD_QTY_SELECTION_6","7.0","X"
"70SQCTO1WW","ISEHDD_QTY_SELECTION_6","8.0","X"
"70SQCTO1WW","ISEHDD_QTY_SELECTION_6","9.0","X"
"70SQCTO1WW","ISEHDD_QTY_SELECTION_7","0.0","X"
"70SQCTO1WW","ISEHDD_QTY_SELECTION_7","1.0","X"
"70SQCTO1WW","ISEHDD_QTY_SELECTION_7","10.0","X"
"70SQCTO1WW","ISEHDD_QTY_SELECTION_7","11.0","X"
"70SQCTO1WW","ISEHDD_QTY_SELECTION_7","12.0","X"
"70SQCTO1WW","ISEHDD_QTY_SELECTION_7","2.0","X"
"70SQCTO1WW","ISEHDD_QTY_SELECTION_7","3.0","X"
"70SQCTO1WW","ISEHDD_QTY_SELECTION_7","4.0","X"
"70SQCTO1WW","ISEHDD_QTY_SELECTION_7","5.0","X"
"70SQCTO1WW","ISEHDD_QTY_SELECTION_7","6.0","X"
"70SQCTO1WW","ISEHDD_QTY_SELECTION_7","7.0","X"
"70SQCTO1WW","ISEHDD_QTY_SELECTION_7","8.0","X"
"70SQCTO1WW","ISEHDD_QTY_SELECTION_7","9.0","X"
"70SQCTO1WW","ISEHDD_TYPE_SELECTION_1","HS_480G_SATA6.0GS_SSD_2.5","X"
"70SQCTO1WW","ISEHDD_TYPE_SELECTION_1","HS_800G_SATA6.0GS_SSD_2.5","X"
"70SQCTO1WW","ISEHDD_TYPE_SELECTION_1","HS_960G_SATA6.0GS_SSD_2.5","X"
"70SQCTO1WW","ISEHDD_TYPE_SELECTION_1","HT_HS_2T_SATA6.0GS_7200R_3.5","X"
"70SQCTO1WW","ISEHDD_TYPE_SELECTION_1","HT_HS_4T_SATA6.0GS_7200R_3.5","X"
"70SQCTO1WW","ISEHDD_TYPE_SELECTION_1","MC_HS_480G_SATA6.0_SSD_2.5","X"
"70SQCTO1WW","ISEHDD_TYPE_SELECTION_1","MC_HS_800G_SATA6.0_SSD_2.5","X"
"70SQCTO1WW","ISEHDD_TYPE_SELECTION_1","NO_HDD1","X"
"70SQCTO1WW","ISEHDD_TYPE_SELECTION_1","SM_HS_480G_SATA6_SSD_2.5","X"
"70SQCTO1WW","ISEHDD_TYPE_SELECTION_1","ST_HS_2TB_SATA6.0G_7200R_3.5","X"
"70SQCTO1WW","ISEHDD_TYPE_SELECTION_1","ST_HS_4TB_SATA6.0G_7200R_3.5","X"
"70SQCTO1WW","ISEHDD_TYPE_SELECTION_1","TS_HS_4TB_SATA6.0GS_7200R_3.5","X"
"70SQCTO1WW","ISEHDD_TYPE_SELECTION_1","WD_HS_4T_SATA6.0G_7200R_3.5","X"
"70SQCTO1WW","ISEHDD_TYPE_SELECTION_2","HS_480G_SATA6.0GS_SSD_2.5","X"
"70SQCTO1WW","ISEHDD_TYPE_SELECTION_2","HS_800G_SATA6.0GS_SSD_2.5","X"
"70SQCTO1WW","ISEHDD_TYPE_SELECTION_2","HS_960G_SATA6.0GS_SSD_2.5","X"
"70SQCTO1WW","ISEHDD_TYPE_SELECTION_2","HT_HS_2T_SATA6.0GS_7200R_3.5","X"
"70SQCTO1WW","ISEHDD_TYPE_SELECTION_2","HT_HS_4T_SATA6.0GS_7200R_3.5","X"
"70SQCTO1WW","ISEHDD_TYPE_SELECTION_2","MC_HS_480G_SATA6.0_SSD_2.5","X"
"70SQCTO1WW","ISEHDD_TYPE_SELECTION_2","MC_HS_800G_SATA6.0_SSD_2.5","X"
"70SQCTO1WW","ISEHDD_TYPE_SELECTION_2","NO_HDD2","X"
"70SQCTO1WW","ISEHDD_TYPE_SELECTION_2","SM_HS_480G_SATA6_SSD_2.5","X"
"70SQCTO1WW","ISEHDD_TYPE_SELECTION_2","ST_HS_2TB_SATA6.0G_7200R_3.5","X"
"70SQCTO1WW","ISEHDD_TYPE_SELECTION_2","ST_HS_4TB_SATA6.0G_7200R_3.5","X"
"70SQCTO1WW","ISEHDD_TYPE_SELECTION_2","TS_HS_4TB_SATA6.0GS_7200R_3.5","X"
"70SQCTO1WW","ISEHDD_TYPE_SELECTION_2","WD_HS_4T_SATA6.0G_7200R_3.5","X"
"70SQCTO1WW","ISEHDD_TYPE_SELECTION_3","HS_480G_SATA6.0GS_SSD_2.5","X"
"70SQCTO1WW","ISEHDD_TYPE_SELECTION_3","HS_800G_SATA6.0GS_SSD_2.5","X"
"70SQCTO1WW","ISEHDD_TYPE_SELECTION_3","HS_960G_SATA6.0GS_SSD_2.5","X"
"70SQCTO1WW","ISEHDD_TYPE_SELECTION_3","HT_HS_2T_SATA6.0GS_7200R_3.5","X"
"70SQCTO1WW","ISEHDD_TYPE_SELECTION_3","HT_HS_4T_SATA6.0GS_7200R_3.5","X"
"70SQCTO1WW","ISEHDD_TYPE_SELECTION_3","MC_HS_480G_SATA6.0_SSD_2.5","X"
"70SQCTO1WW","ISEHDD_TYPE_SELECTION_3","MC_HS_800G_SATA6.0_SSD_2.5","X"
"70SQCTO1WW","ISEHDD_TYPE_SELECTION_3","NO_HDD3","X"
"70SQCTO1WW","ISEHDD_TYPE_SELECTION_3","SM_HS_480G_SATA6_SSD_2.5","X"
"70SQCTO1WW","ISEHDD_TYPE_SELECTION_3","ST_HS_2TB_SATA6.0G_7200R_3.5","X"
"70SQCTO1WW","ISEHDD_TYPE_SELECTION_3","ST_HS_4TB_SATA6.0G_7200R_3.5","X"
"70SQCTO1WW","ISEHDD_TYPE_SELECTION_3","TS_HS_4TB_SATA6.0GS_7200R_3.5","X"
"70SQCTO1WW","ISEHDD_TYPE_SELECTION_3","WD_HS_4T_SATA6.0G_7200R_3.5","X"
"70SQCTO1WW","ISEHDD_TYPE_SELECTION_4","HS_480G_SATA6.0GS_SSD_2.5","X"
"70SQCTO1WW","ISEHDD_TYPE_SELECTION_4","HS_800G_SATA6.0GS_SSD_2.5","X"
"70SQCTO1WW","ISEHDD_TYPE_SELECTION_4","HS_960G_SATA6.0GS_SSD_2.5","X"
"70SQCTO1WW","ISEHDD_TYPE_SELECTION_4","HT_HS_2T_SATA6.0GS_7200R_3.5","X"
"70SQCTO1WW","ISEHDD_TYPE_SELECTION_4","HT_HS_4T_SATA6.0GS_7200R_3.5","X"
"70SQCTO1WW","ISEHDD_TYPE_SELECTION_4","MC_HS_480G_SATA6.0_SSD_2.5","X"
"70SQCTO1WW","ISEHDD_TYPE_SELECTION_4","MC_HS_800G_SATA6.0_SSD_2.5","X"
"70SQCTO1WW","ISEHDD_TYPE_SELECTION_4","NO_HDD4","X"
"70SQCTO1WW","ISEHDD_TYPE_SELECTION_4","SM_HS_480G_SATA6_SSD_2.5","X"
"70SQCTO1WW","ISEHDD_TYPE_SELECTION_4","ST_HS_2TB_SATA6.0G_7200R_3.5","X"
"70SQCTO1WW","ISEHDD_TYPE_SELECTION_4","ST_HS_4TB_SATA6.0G_7200R_3.5","X"
"70SQCTO1WW","ISEHDD_TYPE_SELECTION_4","TS_HS_4TB_SATA6.0GS_7200R_3.5","X"
"70SQCTO1WW","ISEHDD_TYPE_SELECTION_4","WD_HS_4T_SATA6.0G_7200R_3.5","X"
"70SQCTO1WW","ISEHDD_TYPE_SELECTION_5","HS_480G_SATA6.0GS_SSD_2.5","X"
"70SQCTO1WW","ISEHDD_TYPE_SELECTION_5","HS_800G_SATA6.0GS_SSD_2.5","X"
"70SQCTO1WW","ISEHDD_TYPE_SELECTION_5","HS_960G_SATA6.0GS_SSD_2.5","X"
"70SQCTO1WW","ISEHDD_TYPE_SELECTION_5","HT_HS_2T_SATA6.0GS_7200R_3.5","X"
"70SQCTO1WW","ISEHDD_TYPE_SELECTION_5","HT_HS_4T_SATA6.0GS_7200R_3.5","X"
"70SQCTO1WW","ISEHDD_TYPE_SELECTION_5","MC_HS_480G_SATA6.0_SSD_2.5","X"
"70SQCTO1WW","ISEHDD_TYPE_SELECTION_5","MC_HS_800G_SATA6.0_SSD_2.5","X"
"70SQCTO1WW","ISEHDD_TYPE_SELECTION_5","NO_HDD5","X"
"70SQCTO1WW","ISEHDD_TYPE_SELECTION_5","SM_HS_480G_SATA6_SSD_2.5","X"
"70SQCTO1WW","ISEHDD_TYPE_SELECTION_5","ST_HS_2TB_SATA6.0G_7200R_3.5","X"
"70SQCTO1WW","ISEHDD_TYPE_SELECTION_5","ST_HS_4TB_SATA6.0G_7200R_3.5","X"
"70SQCTO1WW","ISEHDD_TYPE_SELECTION_5","TS_HS_4TB_SATA6.0GS_7200R_3.5","X"
"70SQCTO1WW","ISEHDD_TYPE_SELECTION_5","WD_HS_4T_SATA6.0G_7200R_3.5","X"
"70SQCTO1WW","ISEHDD_TYPE_SELECTION_6","HS_480G_SATA6.0GS_SSD_2.5","X"
"70SQCTO1WW","ISEHDD_TYPE_SELECTION_6","HS_800G_SATA6.0GS_SSD_2.5","X"
"70SQCTO1WW","ISEHDD_TYPE_SELECTION_6","HS_960G_SATA6.0GS_SSD_2.5","X"
"70SQCTO1WW","ISEHDD_TYPE_SELECTION_6","HT_HS_2T_SATA6.0GS_7200R_3.5","X"
"70SQCTO1WW","ISEHDD_TYPE_SELECTION_6","HT_HS_4T_SATA6.0GS_7200R_3.5","X"
"70SQCTO1WW","ISEHDD_TYPE_SELECTION_6","MC_HS_480G_SATA6.0_SSD_2.5","X"
"70SQCTO1WW","ISEHDD_TYPE_SELECTION_6","MC_HS_800G_SATA6.0_SSD_2.5","X"
"70SQCTO1WW","ISEHDD_TYPE_SELECTION_6","NO_HDD6","X"
"70SQCTO1WW","ISEHDD_TYPE_SELECTION_6","SM_HS_480G_SATA6_SSD_2.5","X"
"70SQCTO1WW","ISEHDD_TYPE_SELECTION_6","ST_HS_2TB_SATA6.0G_7200R_3.5","X"
"70SQCTO1WW","ISEHDD_TYPE_SELECTION_6","ST_HS_4TB_SATA6.0G_7200R_3.5","X"
"70SQCTO1WW","ISEHDD_TYPE_SELECTION_6","TS_HS_4TB_SATA6.0GS_7200R_3.5","X"
"70SQCTO1WW","ISEHDD_TYPE_SELECTION_6","WD_HS_4T_SATA6.0G_7200R_3.5","X"
"70SQCTO1WW","ISEHDD_TYPE_SELECTION_7","HS_480G_SATA6.0GS_SSD_2.5","X"
"70SQCTO1WW","ISEHDD_TYPE_SELECTION_7","HS_800G_SATA6.0GS_SSD_2.5","X"
"70SQCTO1WW","ISEHDD_TYPE_SELECTION_7","HS_960G_SATA6.0GS_SSD_2.5","X"
"70SQCTO1WW","ISEHDD_TYPE_SELECTION_7","HT_HS_2T_SATA6.0GS_7200R_3.5","X"
"70SQCTO1WW","ISEHDD_TYPE_SELECTION_7","HT_HS_4T_SATA6.0GS_7200R_3.5","X"
"70SQCTO1WW","ISEHDD_TYPE_SELECTION_7","MC_HS_480G_SATA6.0_SSD_2.5","X"
"70SQCTO1WW","ISEHDD_TYPE_SELECTION_7","MC_HS_800G_SATA6.0_SSD_2.5","X"
"70SQCTO1WW","ISEHDD_TYPE_SELECTION_7","NO_HDD7","X"
"70SQCTO1WW","ISEHDD_TYPE_SELECTION_7","SM_HS_480G_SATA6_SSD_2.5","X"
"70SQCTO1WW","ISEHDD_TYPE_SELECTION_7","ST_HS_2TB_SATA6.0G_7200R_3.5","X"
"70SQCTO1WW","ISEHDD_TYPE_SELECTION_7","ST_HS_4TB_SATA6.0G_7200R_3.5","X"
"70SQCTO1WW","ISEHDD_TYPE_SELECTION_7","TS_HS_4TB_SATA6.0GS_7200R_3.5","X"
"70SQCTO1WW","ISEHDD_TYPE_SELECTION_7","WD_HS_4T_SATA6.0G_7200R_3.5","X"
"70SQCTO1WW","ISEMEM_QTY_SELECTION_1","0.0","X"
"70SQCTO1WW","ISEMEM_QTY_SELECTION_1","1.0","X"
"70SQCTO1WW","ISEMEM_QTY_SELECTION_1","10.0","X"
"70SQCTO1WW","ISEMEM_QTY_SELECTION_1","11.0","X"
"70SQCTO1WW","ISEMEM_QTY_SELECTION_1","12.0","X"
"70SQCTO1WW","ISEMEM_QTY_SELECTION_1","13.0","X"
"70SQCTO1WW","ISEMEM_QTY_SELECTION_1","14.0","X"
"70SQCTO1WW","ISEMEM_QTY_SELECTION_1","15.0","X"
"70SQCTO1WW","ISEMEM_QTY_SELECTION_1","16.0","X"
"70SQCTO1WW","ISEMEM_QTY_SELECTION_1","2.0","X"
"70SQCTO1WW","ISEMEM_QTY_SELECTION_1","3.0","X"
"70SQCTO1WW","ISEMEM_QTY_SELECTION_1","4.0","X"
"70SQCTO1WW","ISEMEM_QTY_SELECTION_1","5.0","X"
"70SQCTO1WW","ISEMEM_QTY_SELECTION_1","6.0","X"
"70SQCTO1WW","ISEMEM_QTY_SELECTION_1","7.0","X"
"70SQCTO1WW","ISEMEM_QTY_SELECTION_1","8.0","X"
"70SQCTO1WW","ISEMEM_QTY_SELECTION_1","9.0","X"
"70SQCTO1WW","ISEMEM_QTY_SELECTION_2","0.0","X"
"70SQCTO1WW","ISEMEM_QTY_SELECTION_2","1.0","X"
"70SQCTO1WW","ISEMEM_QTY_SELECTION_2","10.0","X"
"70SQCTO1WW","ISEMEM_QTY_SELECTION_2","11.0","X"
"70SQCTO1WW","ISEMEM_QTY_SELECTION_2","12.0","X"
"70SQCTO1WW","ISEMEM_QTY_SELECTION_2","13.0","X"
"70SQCTO1WW","ISEMEM_QTY_SELECTION_2","14.0","X"
"70SQCTO1WW","ISEMEM_QTY_SELECTION_2","15.0","X"
"70SQCTO1WW","ISEMEM_QTY_SELECTION_2","16.0","X"
"70SQCTO1WW","ISEMEM_QTY_SELECTION_2","2.0","X"
"70SQCTO1WW","ISEMEM_QTY_SELECTION_2","3.0","X"
"70SQCTO1WW","ISEMEM_QTY_SELECTION_2","4.0","X"
"70SQCTO1WW","ISEMEM_QTY_SELECTION_2","5.0","X"
"70SQCTO1WW","ISEMEM_QTY_SELECTION_2","6.0","X"
"70SQCTO1WW","ISEMEM_QTY_SELECTION_2","7.0","X"
"70SQCTO1WW","ISEMEM_QTY_SELECTION_2","8.0","X"
"70SQCTO1WW","ISEMEM_QTY_SELECTION_2","9.0","X"
"70SQCTO1WW","ISEMEM_QTY_SELECTION_3","0.0","X"
"70SQCTO1WW","ISEMEM_QTY_SELECTION_3","1.0","X"
"70SQCTO1WW","ISEMEM_QTY_SELECTION_3","10.0","X"
"70SQCTO1WW","ISEMEM_QTY_SELECTION_3","11.0","X"
"70SQCTO1WW","ISEMEM_QTY_SELECTION_3","12.0","X"
"70SQCTO1WW","ISEMEM_QTY_SELECTION_3","13.0","X"
"70SQCTO1WW","ISEMEM_QTY_SELECTION_3","14.0","X"
"70SQCTO1WW","ISEMEM_QTY_SELECTION_3","15.0","X"
"70SQCTO1WW","ISEMEM_QTY_SELECTION_3","16.0","X"
"70SQCTO1WW","ISEMEM_QTY_SELECTION_3","2.0","X"
"70SQCTO1WW","ISEMEM_QTY_SELECTION_3","3.0","X"
"70SQCTO1WW","ISEMEM_QTY_SELECTION_3","4.0","X"
"70SQCTO1WW","ISEMEM_QTY_SELECTION_3","5.0","X"
"70SQCTO1WW","ISEMEM_QTY_SELECTION_3","6.0","X"
"70SQCTO1WW","ISEMEM_QTY_SELECTION_3","7.0","X"
"70SQCTO1WW","ISEMEM_QTY_SELECTION_3","8.0","X"
"70SQCTO1WW","ISEMEM_QTY_SELECTION_3","9.0","X"
"70SQCTO1WW","ISEMEM_TYPE_SELECTION_1","HY_16GB_2RX4_1600R_DDR3","X"
"70SQCTO1WW","ISEMEM_TYPE_SELECTION_1","NO_MEM1","X"
"70SQCTO1WW","ISEMEM_TYPE_SELECTION_1","SM_16GB_2RX4_1600R_DDR3","X"
"70SQCTO1WW","ISEMEM_TYPE_SELECTION_1","SM_16GB_2RX4_1600R_DDR3_Q_DIE","X"
"70SQCTO1WW","ISEMEM_TYPE_SELECTION_2","HY_16GB_2RX4_1600R_DDR3","X"
"70SQCTO1WW","ISEMEM_TYPE_SELECTION_2","NO_2ND_MEM","X"
"70SQCTO1WW","ISEMEM_TYPE_SELECTION_2","SM_16GB_2RX4_1600R_DDR3","X"
"70SQCTO1WW","ISEMEM_TYPE_SELECTION_2","SM_16GB_2RX4_1600R_DDR3_Q_DIE","X"
"70SQCTO1WW","ISEMEM_TYPE_SELECTION_3","HY_16GB_2RX4_1600R_DDR3","X"
"70SQCTO1WW","ISEMEM_TYPE_SELECTION_3","NO_3RD_MEM","X"
"70SQCTO1WW","ISEMEM_TYPE_SELECTION_3","SM_16GB_2RX4_1600R_DDR3","X"
"70SQCTO1WW","ISEMEM_TYPE_SELECTION_3","SM_16GB_2RX4_1600R_DDR3_Q_DIE","X"
"70SQCTO1WW","ISEPOWER_CORD","POWER_CORD_FOR_ALI_P1","X"
"70SQCTO1WW","ISEPOWER_CORD","POWER_CORD_FOR_ALI_P3","X"
"70SQCTO1WW","ISEPRELOAD_LANG","NO_OPERATING SYSTEM","X"
"70SQCTO1WW","ISEPRELOAD_OS","NO_PRELOAD","X"
"70SQCTO1WW","ISEPRELOAD_TYPE","NO_IMAGE","X"
"70SQCTO1WW","ISERD642XOTHERS1","NONE","X"
"70SQCTO1WW","ISERD642XOTHERS10","NONE","X"
"70SQCTO1WW","ISERD642XOTHERS2","NONE","X"
"70SQCTO1WW","ISERD642XOTHERS3","NONE","X"
"70SQCTO1WW","ISERD642XOTHERS4","NONE","X"
"70SQCTO1WW","ISERD642XOTHERS5","NONE","X"
"70SQCTO1WW","ISERD642XOTHERS6","NONE","X"
"70SQCTO1WW","ISERD642XOTHERS7","NONE","X"
"70SQCTO1WW","ISERD642XOTHERS8","NONE","X"
"70SQCTO1WW","ISERD642XOTHERS9","NONE","X"
"70SQCTO1WW","ISESHELL","2U1_C7_10G_SAS2308_RAIDHBA","X"
"70SQCTO1WW","ISESHELL","2U1_C7_1G_SAS2308_RAIDHBA","X"
"70SQCTO1WW","ISESHELL","2U1_D13_1G_SAS2208_RAIDHBA","X"
"70SQCTO1WW","ISESHELL","2U1_S103S_10G_SAS2308_RAIDHBA","X"
"70SQCTO1WW","ISESHELL","2U1_S103S_1G_SAS2308_RAID/BA","X"
"70SQCTO1WW","ISESHELL","2U1_S103S_K800_1G_SAS_2308_RH","X"
"70SQCTO1WW","ISESHELL","2U1_S104T_10G_SAS2308_RAID_HBA","X"
"70SQCTO1WW","ISESHELL","2U1_S104T_1G_SAS2308_RAID_HBA","X"
"70SQCTO1WW","ISESP","INTEL_XEON_E5_2650V2_2.6GHZ","X"
"70SQCTO1WW","ISESP","INTEL_XEON_E5_2650V2_2.6GHZ_2","X"
"70SQCTO1WW","ISEWARRANTY","S24_3YR5DAYCRU_SRVRD","X"
